Survey Year,Timestamp,SalaryUSD,Country,EmploymentStatus,JobTitle,ManageStaff,YearsWithThisTypeOfJob,HowManyCompanies,OtherPeopleOnYourTeam,PopulationOfLargestCityWithin20Miles,EmploymentSector,CareerPlansThisYear,Gender
2025,1/14/2025 8:09:40,58000.0,United States,Full time employee,Manager,Yes,8,3,3.0,20K-99K (large town),Private business,"Stay with the same employer, same role",Male
2025,1/11/2025 4:36:16,150000.0,United States,Full time employee,"DBA (Development Focus - tunes queries, indexes, does deployments)",Yes,10,1 (this is the only company where I've had this kind of position),,1M+ (metropolis),Private business,Prefer not to say,Male
2025,1/11/2025 3:35:36,75000.0,United States,Full time employee,DBA (General - splits time evenly between writing & tuning queries AND building & troubleshooting servers),No,8,1 (this is the only company where I've had this kind of position),,1M+ (metropolis),Private business,"Stay with the same employer, same role",Male
2025,1/11/2025 2:01:46,120000.0,United States,"Independent consultant, contractor, freelancer,  or company owner","Developer: App code (C#, JS, etc)",No,25,6 or more,,100K-299K (city),Private business,"Stay with the same employer, same role",Male
2025,1/10/2025 8:51:52,151000.0,United States,Full time employee,Manager,Yes,8,2 (I worked at another similar position elsewhere before this one),,100K-299K (city),Private business,"Stay with the same employer, same role",Male
2025,1/10/2025 3:02:03,112000.0,United States,Full time employee,Engineer,No,18,3,2.0,100K-299K (city),Private business,"Stay with the same employer, same role",Male
2025,1/9/2025 23:12:43,127000.0,United States,Full time employee,"DBA (Production Focus - build & troubleshoot servers, HA/DR)",No,12,4,3.0,300K-1M (large city),Private business,Change both employers and roles,Female
2025,1/9/2025 2:59:25,165000.0,United States,Full time employee,Engineer,No,20,3,4.0,300K-1M (large city),Private business,"Stay with the same employer, same role",Male
2025,1/9/2025 2:33:38,109000.0,United States,Full time employee,"DBA (Development Focus - tunes queries, indexes, does deployments)",No,13,2 (I worked at another similar position elsewhere before this one),,300K-1M (large city),Private business,Change both employers and roles,Male
2025,1/9/2025 2:10:41,123000.0,United States,Full time employee,"Developer: Business Intelligence (SSRS, PowerBI, etc)",No,8,6 or more,3.0,1M+ (metropolis),Private business,"Stay with the same employer, same role",Male
2025,1/9/2025 1:33:15,110000.0,United States,Full time employee,Analyst,Yes,7,2 (I worked at another similar position elsewhere before this one),,300K-1M (large city),Private business,Prefer not to say,Male
2025,1/8/2025 19:57:03,240000.0,United States,Full time employee,"DBA (Development Focus - tunes queries, indexes, does deployments)",Yes,3,4,1.0,1M+ (metropolis),Private business,"Stay with the same employer,  but change roles",Male
2025,1/8/2025 7:09:37,141000.0,United States,Full time employee,"DBA (Production Focus - build & troubleshoot servers, HA/DR)",No,7,1 (this is the only company where I've had this kind of position),,1M+ (metropolis),Private business,"Stay with the same employer, same role",Female
2025,1/8/2025 5:44:03,86134.0,United States,Full time employee,Developer: T-SQL,No,2,2 (I worked at another similar position elsewhere before this one),1.0,100K-299K (city),Private business,"Stay with the same employer, same role",Male
2025,1/8/2025 3:49:10,175000.0,United States,Full time employee,"Developer: Business Intelligence (SSRS, PowerBI, etc)",No,18,2 (I worked at another similar position elsewhere before this one),1.0,1M+ (metropolis),Private business,"Stay with the same employer,  but change roles",Female
2025,1/8/2025 1:59:35,122000.0,United States,Full time employee,Analyst,No,14,2 (I worked at another similar position elsewhere before this one),3.0,300K-1M (large city),Private business,"Stay with the same employer, same role",Male
2025,1/8/2025 1:40:40,130000.0,United States,Full time employee,"DBA (Development Focus - tunes queries, indexes, does deployments)",No,6,3,,1M+ (metropolis),Private business,"Stay with the same employer, same role",Male
2025,1/7/2025 5:15:21,350000.0,United States,Full time employee,Other,No,15,1 (this is the only company where I've had this kind of position),,1M+ (metropolis),Private business,"Stay with the same employer,  but change roles",Male
2025,1/7/2025 5:05:57,83761.0,United States,Full time employee,DBA (General - splits time evenly between writing & tuning queries AND building & troubleshooting servers),No,5,1 (this is the only company where I've had this kind of position),4.0,300K-1M (large city),Private business,"Stay with the same employer, same role",Female
2025,1/7/2025 1:34:55,118000.0,United States,Full time employee,Manager,Yes,4,4,,100K-299K (city),Private business,Change both employers and roles,Female
2025,1/7/2025 1:04:52,160000.0,United States,Full time employee of a consulting/contracting company,Architect,No,15,3,,1M+ (metropolis),Private business,"Stay with the same role, but change employers",Female
2025,1/6/2025 23:43:47,103000.0,United States,Full time employee,Analyst,No,3,4,1.0,300K-1M (large city),Private business,"Stay with the same employer,  but change roles",Female
2025,1/6/2025 23:14:50,160000.0,United States,Full time employee,Engineer,No,13,1 (this is the only company where I've had this kind of position),4.0,300K-1M (large city),Private business,"Stay with the same employer,  but change roles",Male
2025,1/6/2025 22:30:11,153750.0,United States,Full time employee,DBA (General - splits time evenly between writing & tuning queries AND building & troubleshooting servers),No,14,2 (I worked at another similar position elsewhere before this one),,300K-1M (large city),Private business,"Stay with the same employer, same role",Female
2025,1/6/2025 22:25:12,168000.0,United States,Full time employee,Manager,Yes,4,1 (this is the only company where I've had this kind of position),,100K-299K (city),Private business,"Stay with the same employer, same role",Male
2025,1/3/2025 13:10:33,157000.0,United States,Full time employee,Developer: T-SQL,No,7,2 (I worked at another similar position elsewhere before this one),,1M+ (metropolis),Private business,"Stay with the same role, but change employers",Male
2025,1/3/2025 9:45:07,138000.0,United States,Full time employee,DBA (General - splits time evenly between writing & tuning queries AND building & troubleshooting servers),No,9,1 (this is the only company where I've had this kind of position),,300K-1M (large city),Private business,"Stay with the same employer, same role",Male
2025,1/3/2025 7:07:41,85000.0,United States,Full time employee,DBA (General - splits time evenly between writing & tuning queries AND building & troubleshooting servers),No,15,2 (I worked at another similar position elsewhere before this one),,100K-299K (city),Private business,"Stay with the same role, but change employers",Male
2025,1/3/2025 3:52:08,122000.0,United States,Full time employee,"Developer: App code (C#, JS, etc)",No,30,6 or more,,1M+ (metropolis),Private business,"Stay with the same employer, same role",Male
2025,1/3/2025 3:22:36,195000.0,United States,Full time employee,Architect,No,6,3,,1M+ (metropolis),Private business,"Stay with the same role, but change employers",Male
2025,1/3/2025 0:02:29,150000.0,United States,Full time employee,DBA (General - splits time evenly between writing & tuning queries AND building & troubleshooting servers),No,24,3,,1M+ (metropolis),Private business,"Stay with the same role, but change employers",Male
2025,1/2/2025 22:55:38,135000.0,United States,Full time employee,"DBA (Development Focus - tunes queries, indexes, does deployments)",No,12,1 (this is the only company where I've had this kind of position),1.0,100K-299K (city),Private business,"Stay with the same employer,  but change roles",Male
2025,1/2/2025 22:11:57,55000.0,United States,Full time employee,DBA (General - splits time evenly between writing & tuning queries AND building & troubleshooting servers),No,3,1 (this is the only company where I've had this kind of position),,300K-1M (large city),Private business,"Stay with the same role, but change employers",Male
2025,1/2/2025 21:48:12,142000.0,United States,Full time employee,"DBA (Production Focus - build & troubleshoot servers, HA/DR)",Yes,25,4,2.0,1M+ (metropolis),Private business,"Stay with the same employer, same role",Female
2025,1/2/2025 2:22:26,180000.0,United States,Full time employee,"DBA (Development Focus - tunes queries, indexes, does deployments)",No,18,4,,1M+ (metropolis),Private business,"Stay with the same employer,  but change roles",Male
2025,1/1/2025 13:36:56,133000.0,United States,Full time employee,"DBA (Production Focus - build & troubleshoot servers, HA/DR)",No,12,6 or more,4.0,20K-99K (large town),Private business,"Stay with the same employer,  but change roles",Male
2025,1/1/2025 2:42:49,92700.0,United States,Full time employee,DBA (General - splits time evenly between writing & tuning queries AND building & troubleshooting servers),No,5,2 (I worked at another similar position elsewhere before this one),1.0,300K-1M (large city),Private business,"Stay with the same role, but change employers",Male
2025,1/1/2025 1:09:05,120000.0,United States,Full time employee,DBA (General - splits time evenly between writing & tuning queries AND building & troubleshooting servers),No,1,1 (this is the only company where I've had this kind of position),,300K-1M (large city),Private business,"Stay with the same employer, same role",Female
2025,1/1/2025 1:01:37,91000.0,United States,Full time employee,"DBA (Production Focus - build & troubleshoot servers, HA/DR)",No,3,1 (this is the only company where I've had this kind of position),,1M+ (metropolis),Private business,"Stay with the same role, but change employers",Male
2025,12/31/2024 23:24:05,160000.0,United States,Full time employee,DBA (General - splits time evenly between writing & tuning queries AND building & troubleshooting servers),Yes,12,2 (I worked at another similar position elsewhere before this one),3.0,300K-1M (large city),Private business,"Stay with the same employer, same role",Male
2025,12/31/2024 14:10:05,170000.0,United States,Full time employee,DBA (General - splits time evenly between writing & tuning queries AND building & troubleshooting servers),Yes,5,2 (I worked at another similar position elsewhere before this one),2.0,300K-1M (large city),Private business,"Stay with the same employer,  but change roles",Male
2025,12/31/2024 12:14:02,155000.0,United States,Full time employee,Manager,Yes,24,2 (I worked at another similar position elsewhere before this one),3.0,1M+ (metropolis),Private business,"Stay with the same employer, same role",Male
2025,12/31/2024 11:58:54,144000.0,United States,Full time employee,Engineer,No,6,3,,100K-299K (city),Private business,"Stay with the same employer, same role",Female
2025,12/31/2024 10:54:00,160000.0,United States,Full time employee,Architect,No,8,2 (I worked at another similar position elsewhere before this one),2.0,1M+ (metropolis),Private business,Prefer not to say,Male
2025,12/31/2024 8:17:05,140000.0,United States,Full time employee,DBA (General - splits time evenly between writing & tuning queries AND building & troubleshooting servers),No,20,4,,1M+ (metropolis),Private business,"Stay with the same employer, same role",Male
2025,12/31/2024 7:44:16,230000.0,United States,Full time employee,"DBA (Production Focus - build & troubleshoot servers, HA/DR)",Yes,14,4,1.0,1M+ (metropolis),Private business,"Stay with the same employer, same role",Male
2025,12/31/2024 6:46:57,175000.0,United States,Full time employee,Architect,No,7,2 (I worked at another similar position elsewhere before this one),,100K-299K (city),Private business,"Stay with the same employer, same role",Male
2025,12/31/2024 6:21:21,118500.0,United States,Full time employee,Developer: T-SQL,No,8,3,1.0,1M+ (metropolis),Private business,"Stay with the same role, but change employers",Male
2025,12/31/2024 4:26:52,296000.0,United States,Full time employee,"Developer: App code (C#, JS, etc)",No,30,5,,1M+ (metropolis),Private business,"Stay with the same employer, same role",Male
2025,12/31/2024 2:29:07,127000.0,United States,Full time employee of a consulting/contracting company,"Developer: Business Intelligence (SSRS, PowerBI, etc)",No,8,5,3.0,1M+ (metropolis),Private business,"Stay with the same employer,  but change roles",Male
2025,12/31/2024 2:01:57,95000.0,United States,Full time employee,Developer: T-SQL,No,8,3,1.0,300K-1M (large city),Private business,"Stay with the same employer,  but change roles",Male
2025,12/31/2024 0:52:25,150000.0,United States,Full time employee,DBA (General - splits time evenly between writing & tuning queries AND building & troubleshooting servers),Yes,10,1 (this is the only company where I've had this kind of position),2.0,300K-1M (large city),Private business,"Stay with the same employer, same role",Female
2025,12/31/2024 0:00:40,143500.0,United States,Full time employee,DBA (General - splits time evenly between writing & tuning queries AND building & troubleshooting servers),No,10,2 (I worked at another similar position elsewhere before this one),,1M+ (metropolis),Private business,"Stay with the same employer, same role",Male
2025,12/30/2024 23:21:35,137000.0,United States,Full time employee,"Developer: Business Intelligence (SSRS, PowerBI, etc)",No,9,1 (this is the only company where I've had this kind of position),,1M+ (metropolis),Private business,"Stay with the same employer, same role",Male
2025,12/30/2024 22:54:47,126000.0,United States,Full time employee,"Developer: App code (C#, JS, etc)",No,19,2 (I worked at another similar position elsewhere before this one),2.0,20K-99K (large town),Private business,Prefer not to say,Male
2025,12/30/2024 22:26:56,121000.0,United States,Full time employee,Developer: T-SQL,No,2,2 (I worked at another similar position elsewhere before this one),5.0,1M+ (metropolis),Private business,"Stay with the same employer, same role",Male
2025,12/30/2024 21:54:24,126000.0,United States,Full time employee,DBA (General - splits time evenly between writing & tuning queries AND building & troubleshooting servers),No,11,3,,300K-1M (large city),Private business,"Stay with the same employer, same role",Male
2025,12/30/2024 21:52:02,88000.0,United States,Full time employee,DBA (General - splits time evenly between writing & tuning queries AND building & troubleshooting servers),No,20,3,,20K-99K (large town),Private business,"Stay with the same role, but change employers",Male
2025,12/30/2024 21:17:55,190000.0,United States,Full time employee,Developer: T-SQL,No,23,1 (this is the only company where I've had this kind of position),,300K-1M (large city),Private business,"Stay with the same employer, same role",Male
2025,12/30/2024 21:15:08,80000.0,United States,Full time employee,DBA (General - splits time evenly between writing & tuning queries AND building & troubleshooting servers),No,7,2 (I worked at another similar position elsewhere before this one),,300K-1M (large city),Private business,"Stay with the same employer, same role",Male
2025,12/30/2024 21:13:23,100000.0,United States,Full time employee,"Developer: App code (C#, JS, etc)",No,6,1 (this is the only company where I've had this kind of position),,20K-99K (large town),Private business,"Stay with the same role, but change employers",Female
2025,12/30/2024 10:59:22,102000.0,United States,Full time employee,Manager,Yes,25,1 (this is the only company where I've had this kind of position),,100K-299K (city),Private business,"Stay with the same employer, same role",Male
2025,12/29/2024 22:08:14,180000.0,United States,Full time employee,Developer: T-SQL,No,26,3,3.0,300K-1M (large city),Private business,"Stay with the same role, but change employers",Male
2025,12/29/2024 22:03:25,120000.0,United States,Full time employee,"DBA (Production Focus - build & troubleshoot servers, HA/DR)",No,20,4,,300K-1M (large city),Private business,Change both employers and roles,Male
2025,12/29/2024 21:06:09,140000.0,United States,Full time employee,Developer: T-SQL,No,19,5,1.0,300K-1M (large city),Private business,"Stay with the same employer, same role",Male
2025,12/29/2024 11:10:37,165000.0,United States,Full time employee,Manager,Yes,7,3,,1M+ (metropolis),Private business,"Stay with the same role, but change employers",Male
2025,12/29/2024 9:13:41,205000.0,United States,Full time employee,Architect,Yes,10,2 (I worked at another similar position elsewhere before this one),1.0,1M+ (metropolis),Private business,"Stay with the same employer,  but change roles",Male
2025,12/29/2024 6:42:24,160000.0,United States,Full time employee,"DBA (Development Focus - tunes queries, indexes, does deployments)",No,8,2 (I worked at another similar position elsewhere before this one),,300K-1M (large city),Private business,"Stay with the same employer, same role",Male
2025,12/29/2024 2:54:48,120000.0,United States,Full time employee,"DBA (Production Focus - build & troubleshoot servers, HA/DR)",No,15,2 (I worked at another similar position elsewhere before this one),1.0,300K-1M (large city),Private business,"Stay with the same role, but change employers",Male
2025,12/29/2024 2:09:29,115000.0,United States,Full time employee,Developer: T-SQL,No,25,5,3.0,1M+ (metropolis),Private business,"Stay with the same employer, same role",Male
2025,12/29/2024 1:05:35,180000.0,United States,Full time employee,DBA (General - splits time evenly between writing & tuning queries AND building & troubleshooting servers),No,0,3,,100K-299K (city),Private business,"Stay with the same employer, same role",Male
2025,12/29/2024 0:42:54,200000.0,United States,Full time employee of a consulting/contracting company,Manager,Yes,25,3,1.0,1M+ (metropolis),Private business,"Stay with the same employer,  but change roles",Male
2025,12/28/2024 23:45:00,86000.0,United States,Full time employee,"DBA (Production Focus - build & troubleshoot servers, HA/DR)",No,5,2 (I worked at another similar position elsewhere before this one),2.0,300K-1M (large city),Private business,"Stay with the same role, but change employers",Male
2025,12/28/2024 21:44:29,180000.0,United States,Full time employee,Other,No,3,1 (this is the only company where I've had this kind of position),4.0,1M+ (metropolis),Private business,"Stay with the same employer, same role",Male
2025,12/28/2024 21:28:43,185000.0,United States,Full time employee,Architect,Yes,15,3,,1M+ (metropolis),Private business,"Stay with the same employer, same role",Male
2025,12/28/2024 20:40:15,187624.0,United States,Full time employee,"Developer: App code (C#, JS, etc)",No,26,2 (I worked at another similar position elsewhere before this one),,300K-1M (large city),Private business,"Stay with the same employer, same role",Male
2025,12/28/2024 12:25:24,184000.0,United States,Full time employee of a consulting/contracting company,DBA (General - splits time evenly between writing & tuning queries AND building & troubleshooting servers),No,3,6 or more,1.0,300K-1M (large city),Private business,"Stay with the same employer, same role",Male
2025,12/28/2024 11:25:17,135000.0,United States,Full time employee,DBA (General - splits time evenly between writing & tuning queries AND building & troubleshooting servers),No,10,1 (this is the only company where I've had this kind of position),,100K-299K (city),Private business,"Stay with the same employer,  but change roles",Male
2025,12/28/2024 10:20:17,130000.0,United States,Full time employee,Architect,No,1,6 or more,3.0,20K-99K (large town),Private business,Change both employers and roles,Female
2025,12/28/2024 9:41:45,192000.0,United States,Full time employee,DBA (General - splits time evenly between writing & tuning queries AND building & troubleshooting servers),No,20,6 or more,,1M+ (metropolis),Private business,"Stay with the same employer, same role",Male
2025,12/28/2024 6:05:22,110000.0,United States,Full time employee,"DBA (Development Focus - tunes queries, indexes, does deployments)",No,5,2 (I worked at another similar position elsewhere before this one),2.0,300K-1M (large city),Private business,"Stay with the same employer, same role",Female
2025,12/28/2024 5:47:18,200000.0,United States,Full time employee,"DBA (Development Focus - tunes queries, indexes, does deployments)",No,35,6 or more,,20K-99K (large town),Private business,"Stay with the same employer, same role",Male
2025,12/28/2024 5:25:12,145000.0,United States,Full time employee,Developer: T-SQL,No,23,6 or more,3.0,1M+ (metropolis),Private business,"Stay with the same employer, same role",Male
2025,12/28/2024 5:10:55,160000.0,United States,Full time employee,DBA (General - splits time evenly between writing & tuning queries AND building & troubleshooting servers),No,20,5,,300K-1M (large city),Private business,Change both employers and roles,Male
2025,12/28/2024 5:01:51,132000.0,United States,Full time employee,DBA (General - splits time evenly between writing & tuning queries AND building & troubleshooting servers),No,28,6 or more,,300K-1M (large city),Private business,"Stay with the same employer, same role",Male
2025,12/28/2024 4:26:33,110000.0,United States,Full time employee of a consulting/contracting company,DBA (General - splits time evenly between writing & tuning queries AND building & troubleshooting servers),No,2,3,,100K-299K (city),Private business,"Stay with the same role, but change employers",Male
2025,12/28/2024 4:22:31,254000.0,United States,Full time employee,Architect,Yes,30,5,,300K-1M (large city),Private business,"Stay with the same employer, same role",Male
2025,12/28/2024 4:21:33,97850.0,United States,Full time employee,"DBA (Production Focus - build & troubleshoot servers, HA/DR)",No,8,2 (I worked at another similar position elsewhere before this one),,1M+ (metropolis),Private business,"Stay with the same employer, same role",Male
2025,12/28/2024 3:51:33,165000.0,United States,Full time employee,Manager,Yes,5,1 (this is the only company where I've had this kind of position),1.0,100K-299K (city),Private business,"Stay with the same employer, same role",Male
2025,12/28/2024 3:46:42,131250.0,United States,Full time employee,Manager,Yes,2,1 (this is the only company where I've had this kind of position),,100K-299K (city),Private business,"Stay with the same employer, same role",Male
2025,12/28/2024 3:38:44,130000.0,United States,Full time employee,"DBA (Development Focus - tunes queries, indexes, does deployments)",No,3,2 (I worked at another similar position elsewhere before this one),,300K-1M (large city),Private business,"Stay with the same employer, same role",Male
2025,12/28/2024 3:37:17,144000.0,United States,Full time employee,DBA (General - splits time evenly between writing & tuning queries AND building & troubleshooting servers),No,15,4,,1M+ (metropolis),Private business,"Stay with the same employer, same role",Male
2025,12/28/2024 3:33:32,55000.0,United States,Full time employee,"Developer: Business Intelligence (SSRS, PowerBI, etc)",No,2,1 (this is the only company where I've had this kind of position),,300K-1M (large city),Private business,"Stay with the same employer, same role",Male
2025,12/28/2024 3:08:34,90000.0,United States,Full time employee,DBA (General - splits time evenly between writing & tuning queries AND building & troubleshooting servers),No,30,4,,"<= 20,000 (town)",Private business,"Stay with the same employer, same role",Male
2025,12/28/2024 3:05:21,135000.0,United States,Full time employee,Engineer,Yes,8,3,,1M+ (metropolis),Private business,"Stay with the same employer,  but change roles",Male
2025,12/28/2024 3:04:24,170000.0,United States,Full time employee,DBA (General - splits time evenly between writing & tuning queries AND building & troubleshooting servers),No,5,2 (I worked at another similar position elsewhere before this one),,300K-1M (large city),Private business,"Stay with the same employer, same role",Male
2025,12/28/2024 2:56:29,105000.0,United States,Full time employee,DBA (General - splits time evenly between writing & tuning queries AND building & troubleshooting servers),No,14,3,1.0,300K-1M (large city),Private business,"Stay with the same employer, same role",Female
2025,12/28/2024 2:55:39,111000.0,United States,Full time employee,"DBA (Production Focus - build & troubleshoot servers, HA/DR)",No,3,6 or more,2.0,1M+ (metropolis),Private business,"Stay with the same role, but change employers",Male
2025,12/28/2024 2:51:05,131000.0,United States,Full time employee,"Developer: Business Intelligence (SSRS, PowerBI, etc)",Yes,20,4,,1M+ (metropolis),Private business,"Stay with the same role, but change employers",Female
2025,12/28/2024 2:50:57,210000.0,United States,Full time employee,"DBA (Production Focus - build & troubleshoot servers, HA/DR)",Yes,20,3,3.0,1M+ (metropolis),Private business,"Stay with the same employer, same role",Male
2025,12/28/2024 2:41:23,125000.0,United States,Full time employee,DBA (General - splits time evenly between writing & tuning queries AND building & troubleshooting servers),No,17,4,,100K-299K (city),Private business,"Stay with the same employer, same role",Male
2025,12/28/2024 2:34:51,150000.0,United States,Full time employee,Developer: T-SQL,No,15,3,3.0,100K-299K (city),Private business,Prefer not to say,Male
2025,12/28/2024 2:34:01,157000.0,United States,Full time employee,Manager,Yes,5,2 (I worked at another similar position elsewhere before this one),4.0,1M+ (metropolis),Private business,Change both employers and roles,Female
2025,12/28/2024 2:26:54,110000.0,United States,Full time employee,"Developer: App code (C#, JS, etc)",No,7,2 (I worked at another similar position elsewhere before this one),1.0,20K-99K (large town),Private business,"Stay with the same employer, same role",Male
2025,12/28/2024 2:23:20,120000.0,United States,Full time employee,DBA (General - splits time evenly between writing & tuning queries AND building & troubleshooting servers),Yes,10,2 (I worked at another similar position elsewhere before this one),,300K-1M (large city),Private business,"Stay with the same employer, same role",Male
2025,12/28/2024 2:15:26,140000.0,United States,Full time employee,DBA (General - splits time evenly between writing & tuning queries AND building & troubleshooting servers),No,17,3,,300K-1M (large city),Private business,"Stay with the same employer, same role",Male
2025,12/28/2024 2:11:21,120000.0,United States,Full time employee,Manager,Yes,20,2 (I worked at another similar position elsewhere before this one),,300K-1M (large city),Private business,Prefer not to say,Male
2025,12/28/2024 2:06:54,160000.0,United States,Full time employee,"Developer: App code (C#, JS, etc)",Yes,30,4,,100K-299K (city),Private business,"Stay with the same employer,  but change roles",Male
2025,12/28/2024 1:59:11,140000.0,United States,Full time employee,"DBA (Production Focus - build & troubleshoot servers, HA/DR)",No,19,2 (I worked at another similar position elsewhere before this one),2.0,300K-1M (large city),Private business,"Stay with the same employer, same role",Female
2025,12/28/2024 1:58:32,100000.0,United States,Full time employee,"DBA (Production Focus - build & troubleshoot servers, HA/DR)",No,6,2 (I worked at another similar position elsewhere before this one),,300K-1M (large city),Private business,"Stay with the same employer, same role",Male
2025,12/28/2024 1:51:55,105615.0,United States,Full time employee,DBA (General - splits time evenly between writing & tuning queries AND building & troubleshooting servers),Yes,24,1 (this is the only company where I've had this kind of position),5.0,300K-1M (large city),Private business,"Stay with the same employer, same role",Male
2025,12/28/2024 1:51:55,202000.0,United States,Full time employee,Manager,Yes,10,2 (I worked at another similar position elsewhere before this one),1.0,100K-299K (city),Private business,Prefer not to say,Male
2025,12/28/2024 1:44:53,168000.0,United States,Full time employee,Developer: T-SQL,No,7,1 (this is the only company where I've had this kind of position),4.0,1M+ (metropolis),Private business,"Stay with the same employer, same role",Male
2025,12/28/2024 1:40:49,180000.0,United States,Full time employee,Manager,Yes,8,2 (I worked at another similar position elsewhere before this one),,300K-1M (large city),Private business,"Stay with the same employer, same role",Male
2025,12/28/2024 1:36:22,120000.0,United States,Full time employee,DBA (General - splits time evenly between writing & tuning queries AND building & troubleshooting servers),No,12,6 or more,1.0,300K-1M (large city),Private business,"Stay with the same employer, same role",Male
2025,12/28/2024 1:34:12,154800.0,United States,Full time employee,DBA (General - splits time evenly between writing & tuning queries AND building & troubleshooting servers),No,34,5,,300K-1M (large city),Private business,"Stay with the same employer, same role",Male
2025,12/28/2024 1:33:32,145000.0,United States,Full time employee,Architect,No,30,5,,1M+ (metropolis),Private business,"Stay with the same employer, same role",Male
2025,12/28/2024 1:32:49,161000.0,United States,Full time employee,Manager,Yes,5,1 (this is the only company where I've had this kind of position),,1M+ (metropolis),Private business,"Stay with the same employer, same role",Male
2025,12/28/2024 1:32:32,190000.0,United States,Full time employee,DBA (General - splits time evenly between writing & tuning queries AND building & troubleshooting servers),No,23,2 (I worked at another similar position elsewhere before this one),4.0,300K-1M (large city),Private business,"Stay with the same employer, same role",Male
2025,12/28/2024 1:28:12,170000.0,United States,Full time employee,DBA (General - splits time evenly between writing & tuning queries AND building & troubleshooting servers),No,15,4,2.0,300K-1M (large city),Private business,"Stay with the same employer, same role",Male
2025,12/28/2024 1:28:02,170000.0,United States,Full time employee,Architect,No,12,2 (I worked at another similar position elsewhere before this one),,1M+ (metropolis),Private business,"Stay with the same employer, same role",Male
2025,12/28/2024 1:24:37,113000.0,United States,Full time employee,DBA (General - splits time evenly between writing & tuning queries AND building & troubleshooting servers),No,22,2 (I worked at another similar position elsewhere before this one),,1M+ (metropolis),Private business,"Stay with the same employer, same role",Male
2025,12/28/2024 1:24:11,290000.0,United States,Full time employee,Manager,Yes,11,1 (this is the only company where I've had this kind of position),1.0,300K-1M (large city),Private business,"Stay with the same employer, same role",Female
2025,12/28/2024 1:23:58,113676.0,United States,Full time employee,"DBA (Production Focus - build & troubleshoot servers, HA/DR)",No,5,1 (this is the only company where I've had this kind of position),4.0,100K-299K (city),Private business,"Stay with the same employer, same role",Male
2025,12/28/2024 1:23:49,121000.0,United States,Full time employee,DBA (General - splits time evenly between writing & tuning queries AND building & troubleshooting servers),No,13,2 (I worked at another similar position elsewhere before this one),,300K-1M (large city),Private business,Prefer not to say,Male
2025,12/28/2024 1:21:50,69750.0,United States,Full time employee,"DBA (Development Focus - tunes queries, indexes, does deployments)",No,7,1 (this is the only company where I've had this kind of position),,300K-1M (large city),Private business,"Stay with the same role, but change employers",Female
2025,12/28/2024 1:20:42,136000.0,United States,Full time employee,Architect,No,15,1 (this is the only company where I've had this kind of position),,20K-99K (large town),Private business,"Stay with the same employer, same role",Male
2025,12/28/2024 1:20:22,130000.0,United States,Full time employee,Manager,Yes,5,2 (I worked at another similar position elsewhere before this one),,300K-1M (large city),Private business,"Stay with the same employer, same role",Male
2025,12/28/2024 1:17:55,124000.0,United States,Full time employee,Engineer,No,10,2 (I worked at another similar position elsewhere before this one),,1M+ (metropolis),Private business,Prefer not to say,Male
2025,12/28/2024 1:17:49,114000.0,United States,Full time employee,DBA (General - splits time evenly between writing & tuning queries AND building & troubleshooting servers),No,4,1 (this is the only company where I've had this kind of position),3.0,20K-99K (large town),Private business,"Stay with the same employer, same role",Male
2025,12/28/2024 1:17:30,120000.0,United States,Full time employee,"DBA (Production Focus - build & troubleshoot servers, HA/DR)",No,9,3,,"<= 20,000 (town)",Private business,"Stay with the same employer, same role",Male
2025,12/28/2024 1:14:59,117000.0,United States,Full time employee,"Developer: Business Intelligence (SSRS, PowerBI, etc)",No,8,2 (I worked at another similar position elsewhere before this one),4.0,20K-99K (large town),Private business,"Stay with the same employer, same role",Male
2025,12/28/2024 1:13:11,130000.0,United States,Full time employee,Developer: T-SQL,No,10,3,1.0,1M+ (metropolis),Private business,"Stay with the same employer, same role",Male
2025,12/28/2024 1:12:52,13000.0,United States,Full time employee,DBA (General - splits time evenly between writing & tuning queries AND building & troubleshooting servers),No,12,4,,1M+ (metropolis),Private business,"Stay with the same employer, same role",Male
2025,12/28/2024 1:12:51,195000.0,United States,Full time employee,"DBA (Development Focus - tunes queries, indexes, does deployments)",Yes,38,4,1.0,100K-299K (city),Private business,"Stay with the same employer, same role",Male
2025,12/28/2024 1:12:46,290000.0,United States,Full time employee,"Developer: App code (C#, JS, etc)",No,18,5,5.0,1M+ (metropolis),Private business,"Stay with the same employer, same role",Male
2025,12/28/2024 1:11:51,138000.0,United States,Full time employee,DBA (General - splits time evenly between writing & tuning queries AND building & troubleshooting servers),No,35,4,,1M+ (metropolis),Private business,"Stay with the same employer, same role",Male
2025,12/28/2024 1:10:40,140000.0,United States,Full time employee,"DBA (Production Focus - build & troubleshoot servers, HA/DR)",No,24,2 (I worked at another similar position elsewhere before this one),1.0,1M+ (metropolis),Private business,"Stay with the same employer, same role",Male
2025,12/28/2024 1:09:43,140000.0,United States,Full time employee,DBA (General - splits time evenly between writing & tuning queries AND building & troubleshooting servers),No,18,6 or more,3.0,20K-99K (large town),Private business,"Stay with the same employer, same role",Male
2025,12/28/2024 0:35:52,152000.0,United States,Full time employee,Architect,No,25,3,,20K-99K (large town),Private business,"Stay with the same employer, same role",Male
2025,12/28/2024 0:05:42,136400.0,United States,Full time employee of a consulting/contracting company,DBA (General - splits time evenly between writing & tuning queries AND building & troubleshooting servers),No,12,3,2.0,300K-1M (large city),Private business,"Stay with the same employer, same role",Male
2025,12/27/2024 23:58:43,148500.0,United States,Full time employee,"DBA (Production Focus - build & troubleshoot servers, HA/DR)",No,44,4,1.0,20K-99K (large town),Private business,"Stay with the same employer, same role",Male
2025,12/27/2024 23:17:42,195000.0,United States,Full time employee,Engineer,No,3,3,5.0,1M+ (metropolis),Private business,"Stay with the same employer, same role",Male
2025,12/27/2024 22:45:55,200000.0,United States,Full time employee,DBA (General - splits time evenly between writing & tuning queries AND building & troubleshooting servers),No,20,5,4.0,100K-299K (city),Private business,"Stay with the same role, but change employers",Male
2025,12/27/2024 22:28:09,111000.0,United States,Full time employee,"DBA (Production Focus - build & troubleshoot servers, HA/DR)",No,7,2 (I worked at another similar position elsewhere before this one),4.0,100K-299K (city),Private business,"Stay with the same employer, same role",Male
2025,12/27/2024 22:16:55,189000.0,United States,Full time employee,"Developer: App code (C#, JS, etc)",No,25,4,2.0,300K-1M (large city),Private business,"Stay with the same employer, same role",Male
2025,12/27/2024 22:15:52,155000.0,United States,Full time employee,Architect,No,3,1 (this is the only company where I've had this kind of position),,300K-1M (large city),Private business,Prefer not to say,Female
2025,12/27/2024 22:09:59,185000.0,United States,Full time employee of a consulting/contracting company,"DBA (Production Focus - build & troubleshoot servers, HA/DR)",Yes,25,6 or more,5.0,100K-299K (city),Private business,"Stay with the same employer, same role",Male
2025,12/27/2024 21:57:12,130000.0,United States,Full time employee,"Developer: App code (C#, JS, etc)",No,10,4,4.0,1M+ (metropolis),Private business,"Stay with the same role, but change employers",Male
2025,12/27/2024 21:32:17,147000.0,United States,Full time employee,Manager,Yes,21,4,,100K-299K (city),Private business,"Stay with the same employer, same role",Male
2025,12/27/2024 10:25:44,174000.0,United States,Full time employee,Engineer,No,22,2 (I worked at another similar position elsewhere before this one),,1M+ (metropolis),Private business,Prefer not to say,Male
2025,12/27/2024 3:49:40,190000.0,United States,Full time employee,Manager,Yes,2,3,5.0,300K-1M (large city),Private business,"Stay with the same employer,  but change roles",Male
2025,12/27/2024 3:32:17,165000.0,United States,Full time employee,"DBA (Production Focus - build & troubleshoot servers, HA/DR)",No,12,2 (I worked at another similar position elsewhere before this one),,300K-1M (large city),Private business,"Stay with the same employer, same role",Female
2025,12/27/2024 3:17:48,170000.0,United States,Full time employee,Manager,Yes,6,2 (I worked at another similar position elsewhere before this one),,1M+ (metropolis),Private business,"Stay with the same role, but change employers",Male
2025,12/26/2024 22:42:29,93000.0,United States,Full time employee,DBA (General - splits time evenly between writing & tuning queries AND building & troubleshooting servers),No,11,1 (this is the only company where I've had this kind of position),,300K-1M (large city),Private business,Prefer not to say,Male
2025,12/26/2024 22:26:20,105000.0,United States,Full time employee,Engineer,Yes,10,1 (this is the only company where I've had this kind of position),,20K-99K (large town),Private business,"Stay with the same employer, same role",Male
2025,12/26/2024 21:33:32,150000.0,United States,Full time employee,DBA (General - splits time evenly between writing & tuning queries AND building & troubleshooting servers),No,15,2 (I worked at another similar position elsewhere before this one),,1M+ (metropolis),Private business,"Stay with the same employer,  but change roles",Male
2025,12/26/2024 17:53:05,167000.0,United States,Full time employee,DBA (General - splits time evenly between writing & tuning queries AND building & troubleshooting servers),No,12,6 or more,,20K-99K (large town),Private business,Prefer not to say,Male
2025,12/26/2024 10:17:49,130000.0,United States,Full time employee,DBA (General - splits time evenly between writing & tuning queries AND building & troubleshooting servers),No,2,3,,1M+ (metropolis),Private business,"Stay with the same employer, same role",Male
2025,12/26/2024 6:40:57,122000.0,United States,Full time employee,DBA (General - splits time evenly between writing & tuning queries AND building & troubleshooting servers),No,9,1 (this is the only company where I've had this kind of position),,1M+ (metropolis),Private business,"Stay with the same employer,  but change roles",Male
2025,12/26/2024 4:09:20,92500.0,United States,Full time employee,DBA (General - splits time evenly between writing & tuning queries AND building & troubleshooting servers),No,3,1 (this is the only company where I've had this kind of position),4.0,300K-1M (large city),Private business,"Stay with the same employer, same role",Male
2025,12/25/2024 11:51:08,170000.0,United States,Full time employee,Engineer,Yes,19,1 (this is the only company where I've had this kind of position),5.0,1M+ (metropolis),Private business,Prefer not to say,Male
2025,12/25/2024 10:37:54,165000.0,United States,Full time employee,Manager,Yes,20,5,1.0,300K-1M (large city),Private business,Change both employers and roles,Male
2025,12/25/2024 8:42:09,93000.0,United States,Full time employee,DBA (General - splits time evenly between writing & tuning queries AND building & troubleshooting servers),No,20,2 (I worked at another similar position elsewhere before this one),,100K-299K (city),Private business,"Stay with the same employer,  but change roles",Male
2025,12/25/2024 6:02:18,185000.0,United States,Full time employee,Developer: T-SQL,No,11,4,,1M+ (metropolis),Private business,"Stay with the same employer, same role",Male
2025,12/25/2024 4:37:44,122000.0,United States,Full time employee,Engineer,No,17,2 (I worked at another similar position elsewhere before this one),1.0,300K-1M (large city),Private business,"Stay with the same employer, same role",Male
2025,12/24/2024 23:30:47,207000.0,United States,Full time employee,Architect,No,4,2 (I worked at another similar position elsewhere before this one),2.0,300K-1M (large city),Private business,"Stay with the same employer, same role",Male
2025,12/24/2024 23:29:29,135000.0,United States,Full time employee,DBA (General - splits time evenly between writing & tuning queries AND building & troubleshooting servers),No,12,6 or more,4.0,100K-299K (city),Private business,"Stay with the same employer, same role",Male
2025,12/24/2024 22:57:34,120000.0,United States,Full time employee,"Developer: Business Intelligence (SSRS, PowerBI, etc)",No,10,3,4.0,20K-99K (large town),Private business,"Stay with the same employer, same role",Male
2025,12/24/2024 20:16:59,143000.0,United States,Full time employee,DBA (General - splits time evenly between writing & tuning queries AND building & troubleshooting servers),No,27,3,,1M+ (metropolis),Private business,"Stay with the same role, but change employers",Male
2025,12/24/2024 19:32:43,120000.0,United States,Full time employee,"Developer: App code (C#, JS, etc)",No,7,2 (I worked at another similar position elsewhere before this one),,1M+ (metropolis),Private business,Prefer not to say,Male
2025,12/24/2024 18:55:21,151000.0,United States,Full time employee,DBA (General - splits time evenly between writing & tuning queries AND building & troubleshooting servers),No,14,2 (I worked at another similar position elsewhere before this one),2.0,1M+ (metropolis),Private business,Prefer not to say,Male
2025,12/24/2024 18:49:02,101000.0,United States,Full time employee,DBA (General - splits time evenly between writing & tuning queries AND building & troubleshooting servers),No,22,4,,1M+ (metropolis),Private business,"Stay with the same employer, same role",Male
2025,12/24/2024 13:20:42,140000.0,United States,Full time employee,DBA (General - splits time evenly between writing & tuning queries AND building & troubleshooting servers),No,22,4,1.0,100K-299K (city),Private business,"Stay with the same employer, same role",Male
2025,12/24/2024 12:33:44,129000.0,United States,Full time employee,"DBA (Production Focus - build & troubleshoot servers, HA/DR)",No,5,2 (I worked at another similar position elsewhere before this one),,100K-299K (city),Private business,"Stay with the same employer, same role",Female
2025,12/24/2024 12:26:53,146000.0,United States,Full time employee,DBA (General - splits time evenly between writing & tuning queries AND building & troubleshooting servers),No,8,2 (I worked at another similar position elsewhere before this one),,100K-299K (city),Private business,"Stay with the same role, but change employers",Male
2025,12/24/2024 12:15:42,205000.0,United States,Full time employee,DBA (General - splits time evenly between writing & tuning queries AND building & troubleshooting servers),No,16,6 or more,,20K-99K (large town),Private business,"Stay with the same employer, same role",Male
2025,12/24/2024 12:15:35,144385.0,United States,Full time employee,"DBA (Production Focus - build & troubleshoot servers, HA/DR)",No,15,6 or more,3.0,300K-1M (large city),Private business,"Stay with the same employer,  but change roles",Male
2025,12/24/2024 12:10:11,172000.0,United States,Full time employee,Manager,Yes,7,1 (this is the only company where I've had this kind of position),,300K-1M (large city),Private business,"Stay with the same role, but change employers",Male
2025,12/24/2024 11:37:34,175000.0,United States,Full time employee,Architect,No,24,4,,300K-1M (large city),Private business,"Stay with the same employer,  but change roles",Male
2025,12/24/2024 11:07:08,162000.0,United States,Full time employee,"DBA (Development Focus - tunes queries, indexes, does deployments)",No,5,1 (this is the only company where I've had this kind of position),4.0,1M+ (metropolis),Private business,"Stay with the same employer, same role",Male
2025,12/24/2024 10:48:07,130000.0,United States,Full time employee,"DBA (Production Focus - build & troubleshoot servers, HA/DR)",No,16,2 (I worked at another similar position elsewhere before this one),2.0,300K-1M (large city),Private business,"Stay with the same employer,  but change roles",Male
2025,12/24/2024 9:53:33,210000.0,United States,Full time employee,"Developer: App code (C#, JS, etc)",No,22,2 (I worked at another similar position elsewhere before this one),3.0,1M+ (metropolis),Private business,"Stay with the same employer, same role",Male
2025,12/24/2024 9:49:11,200000.0,United States,Full time employee,DBA (General - splits time evenly between writing & tuning queries AND building & troubleshooting servers),No,24,6 or more,1.0,1M+ (metropolis),Private business,"Stay with the same role, but change employers",Female
2025,12/24/2024 9:45:33,107000.0,United States,Full time employee,"DBA (Production Focus - build & troubleshoot servers, HA/DR)",No,10,2 (I worked at another similar position elsewhere before this one),1.0,1M+ (metropolis),Private business,"Stay with the same employer, same role",Male
2025,12/24/2024 9:45:13,143000.0,United States,Full time employee,Engineer,No,11,2 (I worked at another similar position elsewhere before this one),1.0,300K-1M (large city),Private business,"Stay with the same role, but change employers",Male
2025,12/24/2024 9:19:15,166600.0,United States,Full time employee,"DBA (Production Focus - build & troubleshoot servers, HA/DR)",No,5,4,1.0,1M+ (metropolis),Private business,"Stay with the same role, but change employers",Male
2025,12/24/2024 9:08:12,225000.0,United States,Full time employee,DBA (General - splits time evenly between writing & tuning queries AND building & troubleshooting servers),No,27,1 (this is the only company where I've had this kind of position),2.0,1M+ (metropolis),Private business,Change both employers and roles,Male
2025,12/24/2024 8:58:56,120000.0,United States,Full time employee,DBA (General - splits time evenly between writing & tuning queries AND building & troubleshooting servers),No,5,2 (I worked at another similar position elsewhere before this one),3.0,300K-1M (large city),Private business,"Stay with the same employer, same role",Male
2025,12/24/2024 8:56:45,93000.0,United States,Full time employee,DBA (General - splits time evenly between writing & tuning queries AND building & troubleshooting servers),No,2,1 (this is the only company where I've had this kind of position),5.0,300K-1M (large city),Private business,"Stay with the same employer, same role",Male
2025,12/24/2024 8:46:05,116000.0,United States,Full time employee,"Developer: Business Intelligence (SSRS, PowerBI, etc)",No,10,1 (this is the only company where I've had this kind of position),1.0,100K-299K (city),Private business,"Stay with the same employer, same role",Female
2025,12/24/2024 8:41:22,150000.0,United States,Full time employee,"DBA (Production Focus - build & troubleshoot servers, HA/DR)",No,24,2 (I worked at another similar position elsewhere before this one),,1M+ (metropolis),Private business,"Stay with the same employer, same role",Male
2025,12/24/2024 8:18:07,210000.0,United States,Full time employee,Manager,Yes,15,3,,300K-1M (large city),Private business,"Stay with the same employer, same role",Male
2025,12/24/2024 8:00:30,180000.0,United States,Full time employee,DBA (General - splits time evenly between writing & tuning queries AND building & troubleshooting servers),No,21,3,5.0,100K-299K (city),Private business,"Stay with the same employer, same role",Female
2025,12/24/2024 7:55:20,170000.0,United States,Full time employee of a consulting/contracting company,Engineer,No,25,6 or more,1.0,300K-1M (large city),Private business,Prefer not to say,Male
2025,12/24/2024 7:36:27,140000.0,United States,Full time employee,Architect,No,8,2 (I worked at another similar position elsewhere before this one),,100K-299K (city),Private business,"Stay with the same employer, same role",Female
2025,12/24/2024 7:34:54,119000.0,United States,Full time employee,"DBA (Production Focus - build & troubleshoot servers, HA/DR)",No,10,2 (I worked at another similar position elsewhere before this one),3.0,20K-99K (large town),Private business,Change both employers and roles,Male
2025,12/24/2024 7:32:23,130000.0,United States,Full time employee,"DBA (Production Focus - build & troubleshoot servers, HA/DR)",No,2,4,,100K-299K (city),Private business,"Stay with the same employer, same role",Male
2025,12/24/2024 7:29:21,140000.0,United States,Full time employee of a consulting/contracting company,Engineer,No,5,3,2.0,1M+ (metropolis),Private business,"Stay with the same role, but change employers",Male
2025,12/24/2024 7:18:49,250000.0,United States,Full time employee of a consulting/contracting company,Architect,No,24,6 or more,,300K-1M (large city),Private business,Change both employers and roles,Male
2025,12/24/2024 4:46:40,170000.0,United States,Full time employee,Architect,No,8,2 (I worked at another similar position elsewhere before this one),,1M+ (metropolis),Private business,"Stay with the same employer,  but change roles",Male
2025,12/24/2024 4:35:51,75000.0,United States,Full time employee,"DBA (Production Focus - build & troubleshoot servers, HA/DR)",No,3,1 (this is the only company where I've had this kind of position),2.0,100K-299K (city),Private business,"Stay with the same employer, same role",Male
2025,12/24/2024 3:48:28,138000.0,United States,Full time employee,"DBA (Production Focus - build & troubleshoot servers, HA/DR)",No,20,2 (I worked at another similar position elsewhere before this one),2.0,100K-299K (city),Private business,"Stay with the same employer, same role",Male
2025,12/24/2024 3:05:26,130000.0,United States,Full time employee,"Developer: App code (C#, JS, etc)",No,35,1 (this is the only company where I've had this kind of position),4.0,300K-1M (large city),Private business,"Stay with the same employer, same role",Male
2025,12/24/2024 3:00:33,129000.0,United States,Full time employee,Analyst,No,16,3,,100K-299K (city),Private business,"Stay with the same employer, same role",Male
2025,12/24/2024 2:29:23,115000.0,United States,Full time employee,Other,Yes,34,1 (this is the only company where I've had this kind of position),,1M+ (metropolis),Private business,"Stay with the same employer, same role",Female
2025,12/24/2024 1:16:40,120000.0,United States,Full time employee,"DBA (Production Focus - build & troubleshoot servers, HA/DR)",No,25,5,3.0,300K-1M (large city),Private business,"Stay with the same employer, same role",Male
2025,12/23/2024 23:59:26,115381.0,United States,Full time employee,DBA (General - splits time evenly between writing & tuning queries AND building & troubleshooting servers),No,20,4,,1M+ (metropolis),Private business,"Stay with the same employer, same role",Male
2025,12/23/2024 23:53:19,155000.0,United States,Full time employee,Developer: T-SQL,No,10,6 or more,,1M+ (metropolis),Private business,Change both employers and roles,Male
2025,12/23/2024 23:10:04,140000.0,United States,Full time employee,DBA (General - splits time evenly between writing & tuning queries AND building & troubleshooting servers),No,12,1 (this is the only company where I've had this kind of position),1.0,1M+ (metropolis),Private business,"Stay with the same employer, same role",Male
2025,12/21/2024 3:06:06,170000.0,United States,Full time employee,Architect,No,1,1 (this is the only company where I've had this kind of position),,300K-1M (large city),Private business,"Stay with the same employer, same role",Male
2025,12/21/2024 1:17:38,133000.0,United States,Full time employee,DBA (General - splits time evenly between writing & tuning queries AND building & troubleshooting servers),No,10,1 (this is the only company where I've had this kind of position),1.0,100K-299K (city),Private business,"Stay with the same employer, same role",Male
2025,12/21/2024 0:13:13,198000.0,United States,Full time employee of a consulting/contracting company,Manager,Yes,11,1 (this is the only company where I've had this kind of position),,1M+ (metropolis),Private business,"Stay with the same employer, same role",Male
2025,12/21/2024 0:03:13,88000.0,United States,Full time employee,DBA (General - splits time evenly between writing & tuning queries AND building & troubleshooting servers),No,8,1 (this is the only company where I've had this kind of position),4.0,100K-299K (city),Private business,"Stay with the same employer, same role",Male
2025,12/20/2024 21:48:56,165000.0,United States,Full time employee,Developer: T-SQL,No,10,2 (I worked at another similar position elsewhere before this one),2.0,1M+ (metropolis),Private business,"Stay with the same employer, same role",Male
2025,12/20/2024 5:09:27,107100.0,United States,Full time employee,Engineer,No,3,2 (I worked at another similar position elsewhere before this one),3.0,300K-1M (large city),Private business,"Stay with the same employer, same role",Male
2025,12/20/2024 3:30:58,77750.0,United States,Full time employee,DBA (General - splits time evenly between writing & tuning queries AND building & troubleshooting servers),No,20,4,,100K-299K (city),Private business,"Stay with the same employer, same role",Male
2025,12/20/2024 2:19:57,150000.0,United States,Full time employee of a consulting/contracting company,DBA (General - splits time evenly between writing & tuning queries AND building & troubleshooting servers),No,25,5,,300K-1M (large city),Private business,"Stay with the same employer, same role",Male
2025,12/20/2024 1:00:22,139000.0,United States,Full time employee,DBA (General - splits time evenly between writing & tuning queries AND building & troubleshooting servers),No,20,3,,1M+ (metropolis),Private business,"Stay with the same employer, same role",Male
2025,12/20/2024 0:09:05,127679.0,United States,Full time employee,"DBA (Development Focus - tunes queries, indexes, does deployments)",No,2,2 (I worked at another similar position elsewhere before this one),,1M+ (metropolis),Private business,"Stay with the same employer, same role",Male
2025,12/19/2024 20:26:58,190000.0,United States,Full time employee,Engineer,No,5,2 (I worked at another similar position elsewhere before this one),2.0,1M+ (metropolis),Private business,Prefer not to say,Female
2025,12/19/2024 19:46:53,170000.0,United States,Full time employee of a consulting/contracting company,DBA (General - splits time evenly between writing & tuning queries AND building & troubleshooting servers),No,15,6 or more,3.0,100K-299K (city),Private business,"Stay with the same role, but change employers",Male
2025,12/19/2024 8:56:35,155000.0,United States,Full time employee,Manager,Yes,3,1 (this is the only company where I've had this kind of position),,300K-1M (large city),Private business,"Stay with the same employer, same role",Male
2025,12/19/2024 6:51:29,176000.0,United States,Full time employee,"DBA (Production Focus - build & troubleshoot servers, HA/DR)",No,10,3,3.0,1M+ (metropolis),Private business,Change both employers and roles,Male
2025,12/19/2024 6:36:08,170000.0,United States,Full time employee,"DBA (Development Focus - tunes queries, indexes, does deployments)",No,20,2 (I worked at another similar position elsewhere before this one),1.0,100K-299K (city),Private business,"Stay with the same employer, same role",Male
2025,12/19/2024 6:15:21,235000.0,United States,Full time employee,Other,Yes,15,1 (this is the only company where I've had this kind of position),,1M+ (metropolis),Private business,"Stay with the same employer, same role",Male
2025,12/19/2024 5:51:10,130175.0,United States,Full time employee,DBA (General - splits time evenly between writing & tuning queries AND building & troubleshooting servers),No,5,1 (this is the only company where I've had this kind of position),2.0,1M+ (metropolis),Private business,"Stay with the same employer, same role",Male
2025,12/19/2024 4:35:06,122000.0,United States,Full time employee,Developer: T-SQL,No,11,2 (I worked at another similar position elsewhere before this one),1.0,1M+ (metropolis),Private business,"Stay with the same employer, same role",Male
2025,12/19/2024 4:21:18,115000.0,United States,Full time employee of a consulting/contracting company,Other,No,19,3,3.0,100K-299K (city),Private business,"Stay with the same role, but change employers",Male
2025,12/19/2024 4:02:52,110000.0,United States,Full time employee,"DBA (Production Focus - build & troubleshoot servers, HA/DR)",No,6,3,,100K-299K (city),Private business,"Stay with the same employer, same role",Male
2025,12/19/2024 3:44:48,130000.0,United States,Full time employee,"DBA (Development Focus - tunes queries, indexes, does deployments)",No,20,3,,300K-1M (large city),Private business,"Stay with the same employer, same role",Male
2025,12/19/2024 3:00:37,140000.0,United States,Full time employee,"DBA (Development Focus - tunes queries, indexes, does deployments)",No,5,1 (this is the only company where I've had this kind of position),2.0,300K-1M (large city),Private business,"Stay with the same employer, same role",Male
2025,12/19/2024 1:25:25,180000.0,United States,Full time employee,Engineer,No,3,1 (this is the only company where I've had this kind of position),,1M+ (metropolis),Private business,"Stay with the same employer, same role",Male
2025,12/19/2024 0:18:22,165000.0,United States,Full time employee,"DBA (Production Focus - build & troubleshoot servers, HA/DR)",No,25,4,4.0,300K-1M (large city),Private business,Prefer not to say,Female
2025,12/18/2024 23:52:16,112000.0,United States,Full time employee,DBA (General - splits time evenly between writing & tuning queries AND building & troubleshooting servers),No,8,1 (this is the only company where I've had this kind of position),,1M+ (metropolis),Private business,Prefer not to say,Male
2025,12/18/2024 23:28:20,154000.0,United States,Full time employee,"DBA (Production Focus - build & troubleshoot servers, HA/DR)",No,7,2 (I worked at another similar position elsewhere before this one),1.0,300K-1M (large city),Private business,"Stay with the same employer, same role",Male
2025,12/18/2024 23:23:37,140000.0,United States,Full time employee of a consulting/contracting company,DBA (General - splits time evenly between writing & tuning queries AND building & troubleshooting servers),No,30,6 or more,1.0,300K-1M (large city),Private business,"Stay with the same role, but change employers",Male
2025,12/18/2024 23:19:31,120000.0,United States,Full time employee,Engineer,No,15,1 (this is the only company where I've had this kind of position),,300K-1M (large city),Private business,"Stay with the same employer, same role",Male
2025,12/18/2024 22:26:15,153000.0,United States,Full time employee,"DBA (Production Focus - build & troubleshoot servers, HA/DR)",Yes,21,4,1.0,1M+ (metropolis),Private business,"Stay with the same employer, same role",Male
2025,12/18/2024 22:00:54,93000.0,United States,Full time employee,DBA (General - splits time evenly between writing & tuning queries AND building & troubleshooting servers),No,10,2 (I worked at another similar position elsewhere before this one),,100K-299K (city),Private business,"Stay with the same employer, same role",Male
2025,12/18/2024 21:54:07,152757.0,United States,Full time employee,Manager,Yes,8,1 (this is the only company where I've had this kind of position),1.0,1M+ (metropolis),Private business,"Stay with the same employer,  but change roles",Male
2025,12/18/2024 21:47:12,170000.0,United States,Full time employee,Engineer,No,19,1 (this is the only company where I've had this kind of position),,20K-99K (large town),Private business,"Stay with the same employer,  but change roles",Male
2025,12/18/2024 21:43:34,97000.0,United States,Full time employee,"DBA (Development Focus - tunes queries, indexes, does deployments)",No,12,6 or more,,1M+ (metropolis),Private business,"Stay with the same employer, same role",Male
2025,12/18/2024 21:16:30,147000.0,United States,Full time employee,DBA (General - splits time evenly between writing & tuning queries AND building & troubleshooting servers),Yes,20,1 (this is the only company where I've had this kind of position),,1M+ (metropolis),Private business,"Stay with the same employer, same role",Female
2025,12/18/2024 20:33:24,160000.0,United States,Full time employee,"Developer: Business Intelligence (SSRS, PowerBI, etc)",Yes,26,4,,1M+ (metropolis),Private business,"Stay with the same role, but change employers",Male
2025,12/18/2024 19:40:32,145000.0,United States,Full time employee,Data Scientist,No,6,2 (I worked at another similar position elsewhere before this one),,300K-1M (large city),Private business,"Stay with the same employer, same role",Male
2025,12/18/2024 12:36:19,180000.0,United States,Full time employee,DBA (General - splits time evenly between writing & tuning queries AND building & troubleshooting servers),No,15,3,,1M+ (metropolis),Private business,"Stay with the same employer, same role",Male
2025,12/18/2024 12:18:40,185000.0,United States,Full time employee,Manager,Yes,22,1 (this is the only company where I've had this kind of position),,1M+ (metropolis),Private business,"Stay with the same employer, same role",Male
2025,12/18/2024 12:15:50,125000.0,United States,Full time employee,"Developer: App code (C#, JS, etc)",No,8,2 (I worked at another similar position elsewhere before this one),5.0,20K-99K (large town),Private business,"Stay with the same employer, same role",Male
2025,12/18/2024 11:25:08,202000.0,United States,Full time employee,Developer: T-SQL,No,30,6 or more,,1M+ (metropolis),Private business,"Stay with the same employer, same role",Male
2025,12/18/2024 8:04:15,90000.0,United States,Full time employee,"Developer: Business Intelligence (SSRS, PowerBI, etc)",No,5,1 (this is the only company where I've had this kind of position),3.0,1M+ (metropolis),Private business,Prefer not to say,Male
2025,12/18/2024 8:00:07,180000.0,United States,Full time employee,Architect,Yes,25,2 (I worked at another similar position elsewhere before this one),,1M+ (metropolis),Private business,"Stay with the same employer, same role",Male
2025,12/18/2024 7:37:51,145000.0,United States,Full time employee,"DBA (Development Focus - tunes queries, indexes, does deployments)",No,20,4,1.0,300K-1M (large city),Private business,"Stay with the same employer, same role",Male
2025,12/18/2024 7:32:31,135000.0,United States,Full time employee,Manager,Yes,7,1 (this is the only company where I've had this kind of position),,1M+ (metropolis),Private business,"Stay with the same employer,  but change roles",Male
2025,12/18/2024 7:05:22,165000.0,United States,Full time employee,"DBA (Development Focus - tunes queries, indexes, does deployments)",No,17,3,,300K-1M (large city),Private business,"Stay with the same employer, same role",Male
2025,12/18/2024 6:13:48,132000.0,United States,Full time employee,"DBA (Production Focus - build & troubleshoot servers, HA/DR)",No,20,4,3.0,1M+ (metropolis),Private business,"Stay with the same role, but change employers",Male
2025,12/18/2024 5:46:48,145000.0,United States,Full time employee,"DBA (Production Focus - build & troubleshoot servers, HA/DR)",No,11,2 (I worked at another similar position elsewhere before this one),,100K-299K (city),Private business,Prefer not to say,Male
2025,12/18/2024 5:42:33,140000.0,United States,Full time employee,Manager,Yes,1,1 (this is the only company where I've had this kind of position),4.0,300K-1M (large city),Private business,"Stay with the same employer, same role",Male
2025,12/18/2024 5:28:19,160000.0,United States,Full time employee,"DBA (Production Focus - build & troubleshoot servers, HA/DR)",No,2,3,1.0,300K-1M (large city),Private business,"Stay with the same employer, same role",Male
2025,12/18/2024 5:26:51,149000.0,United States,Full time employee,DBA (General - splits time evenly between writing & tuning queries AND building & troubleshooting servers),No,11,3,,1M+ (metropolis),Private business,"Stay with the same employer, same role",Male
2025,12/18/2024 5:25:25,163000.0,United States,Full time employee,"DBA (Production Focus - build & troubleshoot servers, HA/DR)",No,23,6 or more,1.0,1M+ (metropolis),Private business,"Stay with the same employer, same role",Female
2025,12/18/2024 5:17:01,98000.0,United States,Full time employee,"DBA (Production Focus - build & troubleshoot servers, HA/DR)",No,12,2 (I worked at another similar position elsewhere before this one),3.0,1M+ (metropolis),Private business,"Stay with the same employer, same role",Male
2025,12/18/2024 5:06:11,195000.0,United States,Full time employee,Architect,Yes,3,2 (I worked at another similar position elsewhere before this one),,1M+ (metropolis),Private business,"Stay with the same employer, same role",Male
2025,12/18/2024 5:04:12,198000.0,United States,Full time employee,Architect,No,18,2 (I worked at another similar position elsewhere before this one),,1M+ (metropolis),Private business,"Stay with the same employer, same role",Male
2025,12/18/2024 4:50:12,168000.0,United States,Full time employee,"DBA (Production Focus - build & troubleshoot servers, HA/DR)",Yes,5,2 (I worked at another similar position elsewhere before this one),2.0,300K-1M (large city),Private business,"Stay with the same employer, same role",Male
2025,12/18/2024 4:48:45,103000.0,United States,Full time employee,"DBA (Development Focus - tunes queries, indexes, does deployments)",No,10,2 (I worked at another similar position elsewhere before this one),1.0,20K-99K (large town),Private business,"Stay with the same employer, same role",Male
2025,12/18/2024 4:47:46,110000.0,United States,Full time employee,DBA (General - splits time evenly between writing & tuning queries AND building & troubleshooting servers),No,20,2 (I worked at another similar position elsewhere before this one),,1M+ (metropolis),Private business,"Stay with the same employer, same role",Male
2025,12/18/2024 4:36:03,142000.0,United States,Full time employee,DBA (General - splits time evenly between writing & tuning queries AND building & troubleshooting servers),No,25,5,3.0,1M+ (metropolis),Private business,"Stay with the same role, but change employers",Male
2025,12/18/2024 4:32:38,140000.0,United States,Full time employee,DBA (General - splits time evenly between writing & tuning queries AND building & troubleshooting servers),No,15,2 (I worked at another similar position elsewhere before this one),,100K-299K (city),Private business,"Stay with the same employer, same role",Male
2025,12/18/2024 4:19:52,160000.0,United States,Full time employee,"Developer: App code (C#, JS, etc)",No,40,3,,300K-1M (large city),Private business,"Stay with the same employer, same role",Male
2025,12/18/2024 4:16:40,116500.0,United States,Full time employee,DBA (General - splits time evenly between writing & tuning queries AND building & troubleshooting servers),No,11,2 (I worked at another similar position elsewhere before this one),,300K-1M (large city),Private business,"Stay with the same employer, same role",Male
2025,12/18/2024 4:16:02,155000.0,United States,Full time employee,"DBA (Production Focus - build & troubleshoot servers, HA/DR)",No,14,1 (this is the only company where I've had this kind of position),3.0,300K-1M (large city),Private business,"Stay with the same employer, same role",Male
2025,12/18/2024 4:01:30,199000.0,United States,Full time employee,Architect,No,4,2 (I worked at another similar position elsewhere before this one),,300K-1M (large city),Private business,Prefer not to say,Male
2025,12/18/2024 4:00:30,126000.0,United States,Full time employee,Manager,Yes,4,1 (this is the only company where I've had this kind of position),,1M+ (metropolis),Private business,"Stay with the same employer, same role",Female
2025,12/18/2024 3:52:19,136600.0,United States,Full time employee,Engineer,Yes,10,2 (I worked at another similar position elsewhere before this one),3.0,100K-299K (city),Private business,"Stay with the same employer, same role",Male
2025,12/18/2024 3:50:50,120000.0,United States,Full time employee,"DBA (Production Focus - build & troubleshoot servers, HA/DR)",No,25,6 or more,,300K-1M (large city),Private business,"Stay with the same employer, same role",Male
2025,12/18/2024 3:49:54,150000.0,United States,Full time employee,DBA (General - splits time evenly between writing & tuning queries AND building & troubleshooting servers),No,25,2 (I worked at another similar position elsewhere before this one),5.0,1M+ (metropolis),Private business,"Stay with the same employer, same role",Male
2025,12/18/2024 3:48:02,165000.0,United States,Full time employee,Engineer,No,25,1 (this is the only company where I've had this kind of position),,300K-1M (large city),Private business,"Stay with the same employer,  but change roles",Male
2025,12/18/2024 3:46:51,132685.0,United States,Full time employee,Architect,No,14,1 (this is the only company where I've had this kind of position),1.0,1M+ (metropolis),Private business,"Stay with the same employer, same role",Male
2025,12/18/2024 3:41:37,138000.0,United States,Full time employee,Engineer,No,6,3,,1M+ (metropolis),Private business,"Stay with the same employer, same role",Male
2025,12/18/2024 3:38:46,145000.0,United States,Full time employee,"DBA (Production Focus - build & troubleshoot servers, HA/DR)",No,10,3,,1M+ (metropolis),Private business,"Stay with the same employer, same role",Male
2025,12/18/2024 3:23:32,192000.0,United States,Full time employee,"DBA (Production Focus - build & troubleshoot servers, HA/DR)",Yes,14,4,1.0,1M+ (metropolis),Private business,"Stay with the same employer, same role",Male
2025,12/18/2024 3:20:14,125000.0,United States,Full time employee,"DBA (Production Focus - build & troubleshoot servers, HA/DR)",No,9,1 (this is the only company where I've had this kind of position),1.0,1M+ (metropolis),Private business,"Stay with the same employer,  but change roles",Male
2025,12/18/2024 3:17:20,129700.0,United States,Full time employee,DBA (General - splits time evenly between writing & tuning queries AND building & troubleshooting servers),No,12,3,1.0,1M+ (metropolis),Private business,"Stay with the same employer, same role",Male
2025,12/18/2024 3:13:38,128000.0,United States,Full time employee,"DBA (Production Focus - build & troubleshoot servers, HA/DR)",No,10,3,4.0,300K-1M (large city),Private business,"Stay with the same employer, same role",Male
2025,12/18/2024 3:11:29,165000.0,United States,Full time employee,Manager,Yes,6,1 (this is the only company where I've had this kind of position),4.0,1M+ (metropolis),Private business,"Stay with the same employer, same role",Male
2025,12/18/2024 3:10:32,153600.0,United States,Full time employee,"Developer: Business Intelligence (SSRS, PowerBI, etc)",No,16,3,5.0,300K-1M (large city),Private business,Change both employers and roles,Female
2025,12/18/2024 3:07:15,139500.0,United States,Full time employee,DBA (General - splits time evenly between writing & tuning queries AND building & troubleshooting servers),No,25,3,1.0,300K-1M (large city),Private business,"Stay with the same employer, same role",Male
2025,12/18/2024 3:06:33,177000.0,United States,Full time employee,Architect,No,26,2 (I worked at another similar position elsewhere before this one),,300K-1M (large city),Private business,"Stay with the same employer, same role",Male
2025,12/18/2024 3:00:45,172000.0,United States,Full time employee,DBA (General - splits time evenly between writing & tuning queries AND building & troubleshooting servers),No,20,3,2.0,300K-1M (large city),Private business,"Stay with the same employer,  but change roles",Male
2025,12/18/2024 2:59:22,13000.0,United States,Full time employee,"DBA (Production Focus - build & troubleshoot servers, HA/DR)",Yes,11,2 (I worked at another similar position elsewhere before this one),,1M+ (metropolis),Private business,"Stay with the same employer,  but change roles",Male
2025,12/18/2024 2:55:49,145000.0,United States,Full time employee,Architect,Yes,14,2 (I worked at another similar position elsewhere before this one),,300K-1M (large city),Private business,Change both employers and roles,Male
2025,12/18/2024 2:53:55,110000.0,United States,Full time employee,DBA (General - splits time evenly between writing & tuning queries AND building & troubleshooting servers),No,6,2 (I worked at another similar position elsewhere before this one),2.0,1M+ (metropolis),Private business,"Stay with the same employer, same role",Male
2025,12/18/2024 2:50:31,185000.0,United States,Full time employee,Engineer,No,25,6 or more,,1M+ (metropolis),Private business,Change both employers and roles,Male
2025,12/18/2024 2:44:44,132500.0,United States,Full time employee,"DBA (Development Focus - tunes queries, indexes, does deployments)",No,6,1 (this is the only company where I've had this kind of position),3.0,1M+ (metropolis),Private business,Prefer not to say,Male
2025,12/18/2024 2:44:16,134000.0,United States,Full time employee,DBA (General - splits time evenly between writing & tuning queries AND building & troubleshooting servers),No,26,5,1.0,100K-299K (city),Private business,"Stay with the same employer, same role",Female
2025,12/18/2024 2:41:53,150000.0,United States,Full time employee,Manager,Yes,9,2 (I worked at another similar position elsewhere before this one),,1M+ (metropolis),Private business,"Stay with the same employer, same role",Male
2025,12/18/2024 2:41:39,136000.0,United States,Full time employee,Manager,No,6,2 (I worked at another similar position elsewhere before this one),,1M+ (metropolis),Private business,"Stay with the same employer, same role",Male
2025,12/18/2024 2:38:15,164000.0,United States,Full time employee,DBA (General - splits time evenly between writing & tuning queries AND building & troubleshooting servers),No,6,5,4.0,300K-1M (large city),Private business,"Stay with the same employer, same role",Male
2025,12/18/2024 2:34:12,80000.0,United States,Full time employee,DBA (General - splits time evenly between writing & tuning queries AND building & troubleshooting servers),No,4,3,,1M+ (metropolis),Private business,"Stay with the same role, but change employers",Male
2025,12/18/2024 2:33:45,125000.0,United States,Full time employee,Analyst,No,20,1 (this is the only company where I've had this kind of position),,1M+ (metropolis),Private business,"Stay with the same employer,  but change roles",Male
2025,12/18/2024 2:31:16,108000.0,United States,Full time employee,"DBA (Development Focus - tunes queries, indexes, does deployments)",No,12,1 (this is the only company where I've had this kind of position),,300K-1M (large city),Private business,Change both employers and roles,Male
2025,12/18/2024 2:29:48,82000.0,United States,Full time employee,DBA (General - splits time evenly between writing & tuning queries AND building & troubleshooting servers),No,2,1 (this is the only company where I've had this kind of position),,100K-299K (city),Private business,"Stay with the same employer, same role",Male
2025,12/18/2024 2:26:04,188000.0,United States,Full time employee,Developer: T-SQL,No,25,6 or more,,300K-1M (large city),Private business,"Stay with the same employer,  but change roles",Female
2025,12/18/2024 2:23:51,160000.0,United States,Full time employee,Developer: T-SQL,No,25,2 (I worked at another similar position elsewhere before this one),,1M+ (metropolis),Private business,"Stay with the same employer, same role",Male
2025,12/18/2024 2:23:49,140000.0,United States,Full time employee,Engineer,No,11,5,1.0,300K-1M (large city),Private business,"Stay with the same employer, same role",Male
2025,12/18/2024 2:20:54,155000.0,United States,Full time employee of a consulting/contracting company,DBA (General - splits time evenly between writing & tuning queries AND building & troubleshooting servers),No,5,5,,20K-99K (large town),Private business,Prefer not to say,Male
2025,12/18/2024 2:19:01,163000.0,United States,Full time employee,DBA (General - splits time evenly between writing & tuning queries AND building & troubleshooting servers),No,14,4,2.0,100K-299K (city),Private business,Change both employers and roles,Male
2025,12/18/2024 2:16:04,220000.0,United States,Full time employee,Manager,Yes,5,1 (this is the only company where I've had this kind of position),,300K-1M (large city),Private business,"Stay with the same employer, same role",Male
2025,12/18/2024 2:15:22,155000.0,United States,Full time employee,"DBA (Development Focus - tunes queries, indexes, does deployments)",No,14,3,1.0,300K-1M (large city),Private business,"Stay with the same employer, same role",Male
2025,12/18/2024 2:11:20,170000.0,United States,Full time employee of a consulting/contracting company,"DBA (Production Focus - build & troubleshoot servers, HA/DR)",No,25,1 (this is the only company where I've had this kind of position),,1M+ (metropolis),Private business,"Stay with the same employer, same role",Male
2025,12/18/2024 2:11:03,222000.0,United States,Full time employee,Manager,Yes,10,5,,1M+ (metropolis),Private business,"Stay with the same employer, same role",Male
2025,12/18/2024 2:10:24,140000.0,United States,Full time employee of a consulting/contracting company,Developer: T-SQL,No,12,2 (I worked at another similar position elsewhere before this one),,100K-299K (city),Private business,"Stay with the same employer, same role",Male
2025,12/18/2024 2:09:51,150000.0,United States,Full time employee,Engineer,Yes,10,3,,1M+ (metropolis),Private business,"Stay with the same employer, same role",Male
2025,12/18/2024 2:07:42,265000.0,United States,Full time employee,Architect,Yes,7,2 (I worked at another similar position elsewhere before this one),1.0,300K-1M (large city),Private business,"Stay with the same employer, same role",Male
2025,12/18/2024 2:02:32,126000.0,United States,Full time employee,DBA (General - splits time evenly between writing & tuning queries AND building & troubleshooting servers),No,15,3,,300K-1M (large city),Private business,"Stay with the same employer, same role",Male
2025,12/18/2024 2:01:20,50000.0,United States,Full time employee,Analyst,No,1,1 (this is the only company where I've had this kind of position),,1M+ (metropolis),Private business,Change both employers and roles,Male
2025,12/18/2024 2:01:14,80000.0,United States,Full time employee,Other,No,3,1 (this is the only company where I've had this kind of position),,300K-1M (large city),Private business,"Stay with the same employer, same role",Male
2025,12/18/2024 2:00:57,165000.0,United States,Full time employee,"DBA (Production Focus - build & troubleshoot servers, HA/DR)",Yes,3,1 (this is the only company where I've had this kind of position),,1M+ (metropolis),Private business,"Stay with the same employer, same role",Male
2025,12/18/2024 1:59:59,72000.0,United States,Full time employee,"DBA (Production Focus - build & troubleshoot servers, HA/DR)",No,17,4,4.0,1M+ (metropolis),Private business,"Stay with the same employer, same role",Male
2025,12/18/2024 1:59:09,175000.0,United States,Full time employee,Engineer,No,8,2 (I worked at another similar position elsewhere before this one),,300K-1M (large city),Private business,"Stay with the same role, but change employers",Male
2025,12/18/2024 1:58:54,177000.0,United States,Full time employee,Developer: T-SQL,No,10,1 (this is the only company where I've had this kind of position),3.0,100K-299K (city),Private business,"Stay with the same employer, same role",Female
2025,12/18/2024 1:54:00,64816.0,United States,Full time employee,Analyst,No,5,2 (I worked at another similar position elsewhere before this one),,1M+ (metropolis),Private business,"Stay with the same employer,  but change roles",Female
2025,12/18/2024 1:52:24,115000.0,United States,Full time employee,Engineer,No,14,1 (this is the only company where I've had this kind of position),1.0,20K-99K (large town),Private business,"Stay with the same employer, same role",Male
2025,12/18/2024 1:50:49,87000.0,United States,Full time employee,DBA (General - splits time evenly between writing & tuning queries AND building & troubleshooting servers),No,8,5,,100K-299K (city),Private business,"Stay with the same employer, same role",Female
2025,12/18/2024 1:50:46,156000.0,United States,Full time employee,DBA (General - splits time evenly between writing & tuning queries AND building & troubleshooting servers),No,15,1 (this is the only company where I've had this kind of position),,300K-1M (large city),Private business,"Stay with the same employer, same role",Male
2025,12/18/2024 1:50:43,179000.0,United States,Full time employee,Manager,Yes,6,2 (I worked at another similar position elsewhere before this one),1.0,1M+ (metropolis),Private business,Prefer not to say,Female
2025,12/18/2024 1:47:30,151000.0,United States,Full time employee,DBA (General - splits time evenly between writing & tuning queries AND building & troubleshooting servers),No,30,6 or more,1.0,1M+ (metropolis),Private business,Prefer not to say,Male
2025,12/18/2024 1:47:13,176000.0,United States,Full time employee,DBA (General - splits time evenly between writing & tuning queries AND building & troubleshooting servers),Yes,26,4,2.0,1M+ (metropolis),Private business,"Stay with the same employer, same role",Male
2025,12/18/2024 1:46:54,105000.0,United States,Full time employee,DBA (General - splits time evenly between writing & tuning queries AND building & troubleshooting servers),No,4,3,1.0,100K-299K (city),Private business,"Stay with the same employer, same role",Male
2025,12/18/2024 1:46:14,75000.0,United States,Full time employee,Analyst,No,20,6 or more,,"<= 20,000 (town)",Private business,"Stay with the same employer, same role",Female
2025,12/18/2024 1:46:08,145000.0,United States,Full time employee,DBA (General - splits time evenly between writing & tuning queries AND building & troubleshooting servers),Yes,15,4,2.0,100K-299K (city),Private business,Prefer not to say,Male
2025,12/18/2024 1:43:41,217000.0,United States,Full time employee,Manager,Yes,20,2 (I worked at another similar position elsewhere before this one),,1M+ (metropolis),Private business,"Stay with the same employer, same role",Male
2025,12/18/2024 1:42:56,200000.0,United States,Full time employee,"DBA (Production Focus - build & troubleshoot servers, HA/DR)",No,12,1 (this is the only company where I've had this kind of position),1.0,1M+ (metropolis),Private business,"Stay with the same employer,  but change roles",Male
2025,12/18/2024 1:42:30,185780.0,United States,Full time employee,"DBA (Development Focus - tunes queries, indexes, does deployments)",No,20,1 (this is the only company where I've had this kind of position),,300K-1M (large city),Private business,"Stay with the same employer, same role",Male
2025,12/18/2024 1:41:00,101000.0,United States,Full time employee,"DBA (Production Focus - build & troubleshoot servers, HA/DR)",No,6,1 (this is the only company where I've had this kind of position),4.0,300K-1M (large city),Private business,"Stay with the same employer, same role",Female
2025,12/18/2024 1:40:50,132000.0,United States,Full time employee,Engineer,No,17,1 (this is the only company where I've had this kind of position),1.0,300K-1M (large city),Private business,"Stay with the same employer, same role",Male
2025,12/18/2024 1:40:24,127000.0,United States,Full time employee,Architect,No,10,2 (I worked at another similar position elsewhere before this one),,100K-299K (city),Private business,"Stay with the same role, but change employers",Male
2025,12/18/2024 1:39:19,225000.0,United States,Full time employee,DBA (General - splits time evenly between writing & tuning queries AND building & troubleshooting servers),No,26,6 or more,,1M+ (metropolis),Private business,"Stay with the same employer, same role",Male
2025,12/18/2024 1:39:16,180000.0,United States,Full time employee,"Developer: App code (C#, JS, etc)",No,25,6 or more,,100K-299K (city),Private business,"Stay with the same employer, same role",Male
2025,12/18/2024 1:39:16,101000.0,United States,Full time employee,"Developer: Business Intelligence (SSRS, PowerBI, etc)",No,27,5,,100K-299K (city),Private business,"Stay with the same employer, same role",Male
2025,12/18/2024 1:38:27,125000.0,United States,Full time employee,DBA (General - splits time evenly between writing & tuning queries AND building & troubleshooting servers),No,19,2 (I worked at another similar position elsewhere before this one),1.0,1M+ (metropolis),Private business,"Stay with the same employer, same role",Male
2025,12/18/2024 1:37:34,125000.0,United States,Full time employee,"DBA (Production Focus - build & troubleshoot servers, HA/DR)",No,25,3,,300K-1M (large city),Private business,"Stay with the same employer, same role",Female
2025,12/18/2024 1:35:35,130000.0,United States,Full time employee,DBA (General - splits time evenly between writing & tuning queries AND building & troubleshooting servers),No,16,1 (this is the only company where I've had this kind of position),3.0,20K-99K (large town),Private business,"Stay with the same employer, same role",Male
2025,12/18/2024 1:33:18,120000.0,United States,Full time employee,Developer: T-SQL,No,5,2 (I worked at another similar position elsewhere before this one),,300K-1M (large city),Private business,"Stay with the same employer, same role",Male
2025,12/18/2024 1:33:17,140000.0,United States,Full time employee,"DBA (Production Focus - build & troubleshoot servers, HA/DR)",No,25,3,3.0,300K-1M (large city),Private business,"Stay with the same employer, same role",Male
2025,12/18/2024 1:32:38,165000.0,United States,Full time employee,Developer: T-SQL,No,20,4,,100K-299K (city),Private business,"Stay with the same employer, same role",Male
2025,12/18/2024 1:31:55,162000.0,United States,Full time employee,"DBA (Development Focus - tunes queries, indexes, does deployments)",No,15,5,3.0,1M+ (metropolis),Private business,Change both employers and roles,Male
2025,12/18/2024 1:31:28,153000.0,United States,Full time employee,"Developer: Business Intelligence (SSRS, PowerBI, etc)",No,33,4,,20K-99K (large town),Private business,"Stay with the same employer, same role",Male
2025,12/18/2024 1:30:38,145000.0,United States,Full time employee,Manager,Yes,12,3,,300K-1M (large city),Private business,"Stay with the same employer, same role",Male
2025,12/18/2024 1:30:35,115000.0,United States,Full time employee,"Developer: App code (C#, JS, etc)",Yes,9,2 (I worked at another similar position elsewhere before this one),,100K-299K (city),Private business,"Stay with the same employer, same role",Male
2025,12/18/2024 1:30:23,270000.0,United States,Full time employee,Manager,Yes,20,3,,300K-1M (large city),Private business,Change both employers and roles,Male
2025,12/18/2024 1:30:20,145000.0,United States,Full time employee,"DBA (Production Focus - build & troubleshoot servers, HA/DR)",No,30,5,,300K-1M (large city),Private business,"Stay with the same employer, same role",Male
2025,12/18/2024 1:30:02,140200.0,United States,Full time employee,DBA (General - splits time evenly between writing & tuning queries AND building & troubleshooting servers),No,13,3,,1M+ (metropolis),Private business,"Stay with the same role, but change employers",Male
2025,12/18/2024 1:29:24,128000.0,United States,Full time employee,"Developer: Business Intelligence (SSRS, PowerBI, etc)",Yes,8,3,,100K-299K (city),Private business,"Stay with the same employer, same role",Male
2025,12/18/2024 1:28:47,155000.0,United States,Full time employee,"DBA (Production Focus - build & troubleshoot servers, HA/DR)",No,6,2 (I worked at another similar position elsewhere before this one),2.0,1M+ (metropolis),Private business,"Stay with the same employer, same role",Female
2025,12/18/2024 1:28:12,155000.0,United States,Full time employee,Manager,Yes,5,1 (this is the only company where I've had this kind of position),2.0,1M+ (metropolis),Private business,Prefer not to say,Male
2025,12/18/2024 1:26:48,124000.0,United States,Full time employee,DBA (General - splits time evenly between writing & tuning queries AND building & troubleshooting servers),No,40,6 or more,,300K-1M (large city),Private business,"Stay with the same employer, same role",Male
2025,12/18/2024 1:25:34,185000.0,United States,Full time employee,"DBA (Production Focus - build & troubleshoot servers, HA/DR)",No,2,6 or more,4.0,300K-1M (large city),Private business,"Stay with the same role, but change employers",Male
2025,12/18/2024 1:24:12,203000.0,United States,Full time employee,Manager,Yes,5,2 (I worked at another similar position elsewhere before this one),,1M+ (metropolis),Private business,"Stay with the same employer, same role",Male
2025,12/18/2024 1:23:51,180000.0,United States,"Independent consultant, contractor, freelancer,  or company owner","DBA (Development Focus - tunes queries, indexes, does deployments)",No,20,5,,1M+ (metropolis),Private business,"Stay with the same role, but change employers",Male
2025,12/18/2024 1:23:48,130000.0,United States,Full time employee,Engineer,No,5,1 (this is the only company where I've had this kind of position),5.0,300K-1M (large city),Private business,"Stay with the same employer, same role",Male
2025,12/18/2024 1:23:32,123900.0,United States,Full time employee,"Developer: App code (C#, JS, etc)",No,8,1 (this is the only company where I've had this kind of position),,100K-299K (city),Private business,"Stay with the same role, but change employers",Male
2025,12/18/2024 1:23:18,131000.0,United States,Full time employee,DBA (General - splits time evenly between writing & tuning queries AND building & troubleshooting servers),No,3,2 (I worked at another similar position elsewhere before this one),,"<= 20,000 (town)",Private business,"Stay with the same employer, same role",Male
2025,12/18/2024 1:21:49,77745.0,United States,Full time employee,DBA (General - splits time evenly between writing & tuning queries AND building & troubleshooting servers),No,2,1 (this is the only company where I've had this kind of position),,100K-299K (city),Private business,"Stay with the same employer, same role",Male
2025,12/18/2024 1:21:26,135000.0,United States,Full time employee of a consulting/contracting company,Manager,Yes,6,1 (this is the only company where I've had this kind of position),,100K-299K (city),Private business,"Stay with the same employer, same role",Male
2025,12/18/2024 1:20:31,277000.0,United States,"Independent consultant, contractor, freelancer,  or company owner",Engineer,Yes,1,1 (this is the only company where I've had this kind of position),5.0,1M+ (metropolis),Private business,Change both employers and roles,Male
2025,12/18/2024 1:20:23,137000.0,United States,Full time employee,Engineer,No,25,6 or more,2.0,100K-299K (city),Private business,Prefer not to say,Female
2025,12/18/2024 1:19:28,107000.0,United States,Full time employee,DBA (General - splits time evenly between writing & tuning queries AND building & troubleshooting servers),No,13,3,4.0,100K-299K (city),Private business,"Stay with the same employer, same role",Male
2025,12/18/2024 1:19:22,250000.0,United States,"Independent consultant, contractor, freelancer,  or company owner","Developer: App code (C#, JS, etc)",No,37,5,,100K-299K (city),Private business,"Stay with the same employer, same role",Male
2025,12/18/2024 1:17:08,102905.0,United States,Full time employee,DBA (General - splits time evenly between writing & tuning queries AND building & troubleshooting servers),No,8,3,,20K-99K (large town),Private business,"Stay with the same employer, same role",Male
2025,12/18/2024 1:16:28,50000.0,United States,Full time employee,Engineer,No,1,1 (this is the only company where I've had this kind of position),1.0,1M+ (metropolis),Private business,"Stay with the same employer, same role",Male
2025,12/18/2024 1:16:21,86000.0,United States,Full time employee,DBA (General - splits time evenly between writing & tuning queries AND building & troubleshooting servers),No,5,1 (this is the only company where I've had this kind of position),1.0,100K-299K (city),Private business,"Stay with the same employer, same role",Male
2025,12/18/2024 1:15:47,100000.0,United States,Full time employee,Engineer,No,4,1 (this is the only company where I've had this kind of position),2.0,100K-299K (city),Private business,"Stay with the same employer, same role",Male
2025,12/18/2024 1:14:59,143884.0,United States,Full time employee,DBA (General - splits time evenly between writing & tuning queries AND building & troubleshooting servers),Yes,3,3,1.0,1M+ (metropolis),Private business,"Stay with the same employer, same role",Male
2025,12/18/2024 1:14:05,146000.0,United States,Full time employee,"DBA (Production Focus - build & troubleshoot servers, HA/DR)",No,20,4,,300K-1M (large city),Private business,"Stay with the same employer,  but change roles",Male
2025,12/18/2024 1:13:50,157000.0,United States,Full time employee,DBA (General - splits time evenly between writing & tuning queries AND building & troubleshooting servers),No,22,5,1.0,1M+ (metropolis),Private business,"Stay with the same employer,  but change roles",Male
2025,12/18/2024 1:13:43,130000.0,United States,Full time employee,DBA (General - splits time evenly between writing & tuning queries AND building & troubleshooting servers),No,24,1 (this is the only company where I've had this kind of position),1.0,100K-299K (city),Private business,"Stay with the same employer, same role",Male
2025,12/18/2024 1:13:23,12000.0,United States,Full time employee,DBA (General - splits time evenly between writing & tuning queries AND building & troubleshooting servers),Yes,27,4,1.0,100K-299K (city),Private business,"Stay with the same employer,  but change roles",Male
2025,12/18/2024 1:13:11,115000.0,United States,Full time employee,"DBA (Production Focus - build & troubleshoot servers, HA/DR)",No,20,2 (I worked at another similar position elsewhere before this one),,300K-1M (large city),Private business,"Stay with the same employer, same role",Male
2025,12/18/2024 1:12:10,93000.0,United States,Full time employee,DBA (General - splits time evenly between writing & tuning queries AND building & troubleshooting servers),No,26,6 or more,5.0,1M+ (metropolis),Private business,"Stay with the same employer, same role",Female
2025,12/18/2024 1:11:54,135000.0,United States,Full time employee,DBA (General - splits time evenly between writing & tuning queries AND building & troubleshooting servers),No,15,5,3.0,1M+ (metropolis),Private business,Change both employers and roles,Male
2025,12/18/2024 1:11:31,155000.0,United States,Full time employee,"Developer: App code (C#, JS, etc)",No,2,4,3.0,1M+ (metropolis),Private business,"Stay with the same employer, same role",Male
2025,12/18/2024 1:11:07,142000.0,United States,Full time employee,DBA (General - splits time evenly between writing & tuning queries AND building & troubleshooting servers),No,5,6 or more,5.0,1M+ (metropolis),Private business,"Stay with the same employer, same role",Male
2025,12/18/2024 1:11:06,133700.0,United States,Full time employee,"DBA (Production Focus - build & troubleshoot servers, HA/DR)",Yes,20,1 (this is the only company where I've had this kind of position),,1M+ (metropolis),Private business,"Stay with the same employer, same role",Male
2025,12/18/2024 1:10:41,162889.0,United States,Full time employee,"DBA (Production Focus - build & troubleshoot servers, HA/DR)",No,40,6 or more,2.0,300K-1M (large city),Private business,"Stay with the same employer, same role",Male
2025,12/18/2024 1:10:20,115000.0,United States,Full time employee of a consulting/contracting company,Manager,Yes,9,6 or more,,"<= 20,000 (town)",Private business,"Stay with the same employer, same role",Male
2025,12/18/2024 1:09:07,97000.0,United States,Full time employee,Other,No,5,1 (this is the only company where I've had this kind of position),,20K-99K (large town),Private business,Prefer not to say,Female
2025,12/18/2024 1:08:46,125000.0,United States,Full time employee,"Developer: App code (C#, JS, etc)",Yes,15,6 or more,,1M+ (metropolis),Private business,"Stay with the same employer, same role",Male
2025,12/18/2024 1:08:40,85000.0,United States,Full time employee,DBA (General - splits time evenly between writing & tuning queries AND building & troubleshooting servers),No,4,1 (this is the only company where I've had this kind of position),,20K-99K (large town),Private business,"Stay with the same employer, same role",Male
2025,12/18/2024 1:08:13,139000.0,United States,Full time employee,Developer: T-SQL,No,12,3,,1M+ (metropolis),Private business,"Stay with the same employer, same role",Male
2025,12/18/2024 1:08:06,155000.0,United States,Full time employee,"DBA (Development Focus - tunes queries, indexes, does deployments)",No,25,4,,1M+ (metropolis),Private business,"Stay with the same employer, same role",Male
2025,12/18/2024 1:07:59,130000.0,United States,Full time employee,"DBA (Production Focus - build & troubleshoot servers, HA/DR)",No,27,4,5.0,1M+ (metropolis),Private business,"Stay with the same role, but change employers",Male
2025,12/18/2024 1:07:54,135000.0,United States,Full time employee,Manager,Yes,15,1 (this is the only company where I've had this kind of position),,300K-1M (large city),Private business,"Stay with the same employer, same role",Male
2025,12/18/2024 1:07:13,160000.0,United States,Full time employee,Manager,Yes,10,2 (I worked at another similar position elsewhere before this one),,100K-299K (city),Private business,"Stay with the same employer, same role",Male
2025,12/18/2024 1:06:54,135000.0,United States,Full time employee,"Developer: Business Intelligence (SSRS, PowerBI, etc)",No,20,4,3.0,1M+ (metropolis),Private business,"Stay with the same employer, same role",Male
2025,12/18/2024 1:05:19,160000.0,United States,Full time employee,DBA (General - splits time evenly between writing & tuning queries AND building & troubleshooting servers),No,4,2 (I worked at another similar position elsewhere before this one),,1M+ (metropolis),Private business,"Stay with the same employer,  but change roles",Male
2025,12/18/2024 1:01:04,87000.0,United States,Full time employee,DBA (General - splits time evenly between writing & tuning queries AND building & troubleshooting servers),No,3,1 (this is the only company where I've had this kind of position),2.0,1M+ (metropolis),Private business,"Stay with the same employer, same role",Male
2025,12/18/2024 0:58:41,125000.0,United States,Full time employee,"DBA (Development Focus - tunes queries, indexes, does deployments)",No,10,2 (I worked at another similar position elsewhere before this one),3.0,300K-1M (large city),Private business,"Stay with the same employer, same role",Male
2025,12/18/2024 0:52:21,139000.0,United States,Full time employee,DBA (General - splits time evenly between writing & tuning queries AND building & troubleshooting servers),Yes,15,1 (this is the only company where I've had this kind of position),,1M+ (metropolis),Private business,"Stay with the same employer, same role",Male
2025,12/18/2024 0:49:52,90000.0,United States,Full time employee,DBA (General - splits time evenly between writing & tuning queries AND building & troubleshooting servers),No,4,1 (this is the only company where I've had this kind of position),1.0,300K-1M (large city),Private business,"Stay with the same employer, same role",Male
2025,12/18/2024 0:38:34,115000.0,United States,Full time employee,"Developer: App code (C#, JS, etc)",No,15,3,2.0,100K-299K (city),Private business,"Stay with the same employer, same role",Male
2025,12/17/2024 23:19:39,110000.0,United States,Full time employee of a consulting/contracting company,Engineer,No,4,2 (I worked at another similar position elsewhere before this one),,1M+ (metropolis),Private business,"Stay with the same role, but change employers",Male
2025,12/17/2024 22:28:23,75000.0,United States,Full time employee,"Developer: Business Intelligence (SSRS, PowerBI, etc)",No,4,1 (this is the only company where I've had this kind of position),1.0,100K-299K (city),Private business,Prefer not to say,Male
2024,1/4/2024 3:27:57,248000.0,United States,Full time employee,"Developer: App code (C#, JS, etc)",No,10,1 (this is the only company where I've had this kind of position),,100K-299K (city),Private business,"Stay with the same employer, same role",Male
2024,1/2/2024 16:34:47,100000.0,United States,Full time employee,Developer: T-SQL,No,4,4,,300K-1M (large city),Private business,Change both employers and roles,Female
2024,1/2/2024 9:24:28,160000.0,United States,Full time employee,Developer: T-SQL,Yes,20,1 (this is the only company where I've had this kind of position),,300K-1M (large city),Private business,"Stay with the same employer, same role",Female
2024,1/2/2024 9:03:46,126000.0,United States,Full time employee,Developer: T-SQL,No,22,4,2.0,100K-299K (city),Private business,"Stay with the same employer, same role",Female
2024,1/2/2024 3:56:17,121000.0,United States,Full time employee,DBA (General - splits time evenly between writing & tuning queries AND building & troubleshooting servers),No,5,4,,300K-1M (large city),Private business,Change both employers and roles,Male
2024,1/1/2024 21:47:37,120000.0,United States,Full time employee,Engineer,No,3,3,,1M+ (metropolis),Private business,"Stay with the same employer, same role",Male
2024,1/1/2024 19:54:59,145000.0,United States,Full time employee,Engineer,Yes,10,1 (this is the only company where I've had this kind of position),,"<= 20,000 (town)",Private business,"Stay with the same role, but change employers",Male
2024,1/1/2024 19:53:52,126000.0,United States,Full time employee,Engineer,No,6,2 (I worked at another similar position elsewhere before this one),1.0,100K-299K (city),Private business,"Stay with the same employer,  but change roles",Male
2024,1/1/2024 13:57:30,130500.0,United States,Full time employee,DBA (General - splits time evenly between writing & tuning queries AND building & troubleshooting servers),No,24,4,,100K-299K (city),Private business,"Stay with the same employer, same role",Male
2024,12/31/2023 15:15:33,150000.0,United States,Full time employee,Architect,No,10,1 (this is the only company where I've had this kind of position),,20K-99K (large town),Private business,"Stay with the same employer, same role",Male
2024,12/30/2023 13:24:30,142000.0,United States,Full time employee,Developer: T-SQL,No,20,6 or more,,1M+ (metropolis),Private business,Prefer not to say,Male
2024,12/30/2023 9:16:53,110000.0,United States,Full time employee,DBA (General - splits time evenly between writing & tuning queries AND building & troubleshooting servers),Yes,8,2 (I worked at another similar position elsewhere before this one),1.0,100K-299K (city),Private business,"Stay with the same employer, same role",Male
2024,12/30/2023 7:15:15,750000.0,United States,"Independent consultant, contractor, freelancer,  or company owner",DBA (General - splits time evenly between writing & tuning queries AND building & troubleshooting servers),Yes,23,6 or more,,1M+ (metropolis),Private business,"Stay with the same employer, same role",Male
2024,12/29/2023 9:30:48,122000.0,United States,Full time employee,"DBA (Production Focus - build & troubleshoot servers, HA/DR)",No,10,4,1.0,1M+ (metropolis),Private business,"Stay with the same employer, same role",Female
2024,12/29/2023 8:00:13,156832.0,United States,Full time employee,"DBA (Production Focus - build & troubleshoot servers, HA/DR)",No,30,5,,1M+ (metropolis),Private business,"Stay with the same employer, same role",Male
2024,12/29/2023 7:19:33,153500.0,United States,Full time employee,Engineer,No,4,3,,1M+ (metropolis),Private business,"Stay with the same employer, same role",Female
2024,12/29/2023 6:37:46,139900.0,United States,Full time employee,Engineer,No,8,2 (I worked at another similar position elsewhere before this one),4.0,300K-1M (large city),Private business,"Stay with the same role, but change employers",Female
2024,12/29/2023 6:13:24,135000.0,United States,Full time employee,DBA (General - splits time evenly between writing & tuning queries AND building & troubleshooting servers),Yes,10,5,1.0,300K-1M (large city),Private business,"Stay with the same employer,  but change roles",Male
2024,12/29/2023 4:03:28,105000.0,United States,Full time employee,DBA (General - splits time evenly between writing & tuning queries AND building & troubleshooting servers),No,12,3,1.0,300K-1M (large city),Private business,"Stay with the same role, but change employers",Male
2024,12/28/2023 10:31:19,105000.0,United States,Full time employee of a consulting/contracting company,Engineer,No,2,2 (I worked at another similar position elsewhere before this one),4.0,300K-1M (large city),Private business,"Stay with the same employer,  but change roles",Female
2024,12/28/2023 10:02:00,95000.0,United States,Full time employee,"DBA (Production Focus - build & troubleshoot servers, HA/DR)",No,3,1 (this is the only company where I've had this kind of position),,1M+ (metropolis),Private business,Prefer not to say,Male
2024,12/28/2023 8:36:21,119262.0,United States,Full time employee,DBA (General - splits time evenly between writing & tuning queries AND building & troubleshooting servers),No,10,1 (this is the only company where I've had this kind of position),1.0,1M+ (metropolis),Private business,"Stay with the same role, but change employers",Female
2024,12/28/2023 6:55:43,138000.0,United States,Full time employee,"DBA (Development Focus - tunes queries, indexes, does deployments)",Yes,9,4,1.0,300K-1M (large city),Private business,"Stay with the same employer, same role",Female
2024,12/28/2023 5:50:05,121000.0,United States,Full time employee,Architect,No,2,2 (I worked at another similar position elsewhere before this one),,300K-1M (large city),Private business,"Stay with the same employer, same role",Male
2024,12/27/2023 21:31:44,320000.0,United States,Full time employee,"DBA (Production Focus - build & troubleshoot servers, HA/DR)",Yes,23,5,5.0,1M+ (metropolis),Private business,Prefer not to say,Male
2024,12/27/2023 19:44:44,160000.0,United States,Full time employee,DBA (General - splits time evenly between writing & tuning queries AND building & troubleshooting servers),No,5,1 (this is the only company where I've had this kind of position),,1M+ (metropolis),Private business,"Stay with the same employer, same role",Male
2024,12/27/2023 18:38:26,136000.0,United States,Full time employee,DBA (General - splits time evenly between writing & tuning queries AND building & troubleshooting servers),Yes,8,1 (this is the only company where I've had this kind of position),1.0,1M+ (metropolis),Private business,"Stay with the same employer, same role",Male
2024,12/27/2023 18:34:48,132500.0,United States,Full time employee,DBA (General - splits time evenly between writing & tuning queries AND building & troubleshooting servers),No,15,3,,1M+ (metropolis),Private business,"Stay with the same employer,  but change roles",Male
2024,12/27/2023 17:20:52,123600.0,United States,Full time employee of a consulting/contracting company,Engineer,No,12,4,2.0,100K-299K (city),Private business,"Stay with the same employer,  but change roles",Male
2024,12/27/2023 16:47:18,161000.0,United States,Full time employee,"DBA (Production Focus - build & troubleshoot servers, HA/DR)",No,15,2 (I worked at another similar position elsewhere before this one),,1M+ (metropolis),Private business,"Stay with the same role, but change employers",Male
2024,12/27/2023 16:26:56,220000.0,United States,Full time employee,"DBA (Development Focus - tunes queries, indexes, does deployments)",No,13,5,1.0,20K-99K (large town),Private business,Change both employers and roles,Male
2024,12/27/2023 16:15:28,145000.0,United States,Full time employee,DBA (General - splits time evenly between writing & tuning queries AND building & troubleshooting servers),No,20,3,3.0,100K-299K (city),Private business,"Stay with the same employer, same role",Female
2024,12/27/2023 16:07:05,155000.0,United States,Full time employee,Engineer,No,20,5,1.0,300K-1M (large city),Private business,"Stay with the same employer,  but change roles",Male
2024,12/27/2023 14:59:29,100000.0,United States,Full time employee,"Developer: Business Intelligence (SSRS, PowerBI, etc)",No,5,1 (this is the only company where I've had this kind of position),,100K-299K (city),Private business,"Stay with the same employer, same role",Male
2024,12/27/2023 13:34:45,160000.0,United States,Full time employee,Manager,No,18,2 (I worked at another similar position elsewhere before this one),2.0,100K-299K (city),Private business,"Stay with the same role, but change employers",Male
2024,12/27/2023 13:28:33,244000.0,United States,Full time employee,DBA (General - splits time evenly between writing & tuning queries AND building & troubleshooting servers),No,23,2 (I worked at another similar position elsewhere before this one),5.0,1M+ (metropolis),Private business,"Stay with the same employer, same role",Female
2024,12/27/2023 13:02:12,95750.0,United States,Full time employee,"DBA (Production Focus - build & troubleshoot servers, HA/DR)",No,7,1 (this is the only company where I've had this kind of position),,1M+ (metropolis),Private business,"Stay with the same employer, same role",Male
2024,12/27/2023 10:15:04,120000.0,United States,Full time employee,DBA (General - splits time evenly between writing & tuning queries AND building & troubleshooting servers),No,4,2 (I worked at another similar position elsewhere before this one),4.0,300K-1M (large city),Private business,"Stay with the same employer, same role",Male
2024,12/27/2023 10:11:27,128000.0,United States,Full time employee,DBA (General - splits time evenly between writing & tuning queries AND building & troubleshooting servers),No,10,3,,20K-99K (large town),Private business,"Stay with the same role, but change employers",Male
2024,12/27/2023 9:42:29,95000.0,United States,Full time employee,DBA (General - splits time evenly between writing & tuning queries AND building & troubleshooting servers),No,9,2 (I worked at another similar position elsewhere before this one),1.0,100K-299K (city),Private business,"Stay with the same employer, same role",Male
2024,12/27/2023 9:28:24,181500.0,United States,Full time employee,Developer: T-SQL,No,16,6 or more,1.0,100K-299K (city),Private business,"Stay with the same employer, same role",Female
2024,12/27/2023 9:23:06,126500.0,United States,Full time employee,DBA (General - splits time evenly between writing & tuning queries AND building & troubleshooting servers),No,35,6 or more,,300K-1M (large city),Private business,"Stay with the same employer, same role",Male
2024,12/27/2023 9:00:00,82000.0,United States,Full time employee,DBA (General - splits time evenly between writing & tuning queries AND building & troubleshooting servers),No,22,2 (I worked at another similar position elsewhere before this one),,100K-299K (city),Private business,"Stay with the same employer, same role",Male
2024,12/27/2023 8:54:04,165000.0,United States,Full time employee,DBA (General - splits time evenly between writing & tuning queries AND building & troubleshooting servers),No,10,2 (I worked at another similar position elsewhere before this one),,1M+ (metropolis),Private business,"Stay with the same employer,  but change roles",Male
2024,12/27/2023 8:22:49,147000.0,United States,Full time employee,DBA (General - splits time evenly between writing & tuning queries AND building & troubleshooting servers),Yes,39,3,1.0,100K-299K (city),Private business,Change both employers and roles,Female
2024,12/27/2023 8:15:48,140000.0,United States,Full time employee,DBA (General - splits time evenly between writing & tuning queries AND building & troubleshooting servers),No,16,3,2.0,1M+ (metropolis),Private business,"Stay with the same employer, same role",Male
2024,12/27/2023 7:58:33,136000.0,United States,Full time employee,Manager,Yes,5,2 (I worked at another similar position elsewhere before this one),,1M+ (metropolis),Private business,"Stay with the same employer,  but change roles",Male
2024,12/27/2023 7:43:53,165000.0,United States,Full time employee,"DBA (Production Focus - build & troubleshoot servers, HA/DR)",Yes,23,2 (I worked at another similar position elsewhere before this one),,1M+ (metropolis),Private business,"Stay with the same employer, same role",Male
2024,12/27/2023 7:18:08,165000.0,United States,Full time employee,"Developer: App code (C#, JS, etc)",Yes,20,2 (I worked at another similar position elsewhere before this one),4.0,1M+ (metropolis),Private business,"Stay with the same employer, same role",Male
2024,12/27/2023 7:14:25,125000.0,United States,Full time employee,Engineer,No,19,1 (this is the only company where I've had this kind of position),2.0,300K-1M (large city),Private business,"Stay with the same employer, same role",Male
2024,12/27/2023 7:04:30,158000.0,United States,Full time employee,Developer: T-SQL,No,17,2 (I worked at another similar position elsewhere before this one),4.0,1M+ (metropolis),Private business,"Stay with the same employer, same role",Male
2024,12/27/2023 7:00:36,168000.0,United States,Full time employee,Architect,No,25,4,,300K-1M (large city),Private business,"Stay with the same employer, same role",Male
2024,12/27/2023 6:02:16,168000.0,United States,Full time employee,Manager,Yes,7,1 (this is the only company where I've had this kind of position),,1M+ (metropolis),Private business,"Stay with the same employer, same role",Male
2024,12/27/2023 5:50:27,135000.0,United States,Full time employee,"Developer: Business Intelligence (SSRS, PowerBI, etc)",No,22,4,,1M+ (metropolis),Private business,"Stay with the same employer, same role",Male
2024,12/27/2023 5:45:36,185000.0,United States,Full time employee,"DBA (Development Focus - tunes queries, indexes, does deployments)",Yes,14,2 (I worked at another similar position elsewhere before this one),2.0,300K-1M (large city),Private business,Prefer not to say,Male
2024,12/27/2023 5:45:23,92000.0,United States,Full time employee,Analyst,No,2,1 (this is the only company where I've had this kind of position),,1M+ (metropolis),Private business,"Stay with the same role, but change employers",Female
2024,12/27/2023 5:33:50,132000.0,United States,Full time employee,"DBA (Production Focus - build & troubleshoot servers, HA/DR)",Yes,30,4,2.0,300K-1M (large city),Private business,"Stay with the same employer, same role",Male
2024,12/27/2023 5:28:39,115000.0,United States,Full time employee,"DBA (Production Focus - build & troubleshoot servers, HA/DR)",Yes,12,1 (this is the only company where I've had this kind of position),2.0,300K-1M (large city),Private business,"Stay with the same employer, same role",Male
2024,12/27/2023 5:25:39,100000.0,United States,Full time employee,DBA (General - splits time evenly between writing & tuning queries AND building & troubleshooting servers),No,12,2 (I worked at another similar position elsewhere before this one),,300K-1M (large city),Private business,"Stay with the same employer, same role",Male
2024,12/27/2023 5:24:58,145000.0,United States,Full time employee,"DBA (Production Focus - build & troubleshoot servers, HA/DR)",No,16,5,2.0,300K-1M (large city),Private business,"Stay with the same employer, same role",Male
2024,12/27/2023 5:17:00,200000.0,United States,Full time employee of a consulting/contracting company,DBA (General - splits time evenly between writing & tuning queries AND building & troubleshooting servers),Yes,20,6 or more,4.0,20K-99K (large town),Private business,"Stay with the same employer, same role",Male
2024,12/27/2023 1:10:04,98500.0,United States,Full time employee,"Developer: App code (C#, JS, etc)",No,43,6 or more,,100K-299K (city),Private business,Change both employers and roles,Male
2024,12/27/2023 0:07:06,87000.0,United States,Full time employee,Analyst,No,9,1 (this is the only company where I've had this kind of position),,20K-99K (large town),Private business,"Stay with the same employer, same role",Male
2024,12/26/2023 18:41:21,124000.0,United States,Full time employee,Developer: T-SQL,No,23,6 or more,5.0,1M+ (metropolis),Private business,"Stay with the same employer, same role",Male
2024,12/26/2023 17:44:27,100000.0,United States,Full time employee,DBA (General - splits time evenly between writing & tuning queries AND building & troubleshooting servers),No,4,1 (this is the only company where I've had this kind of position),1.0,300K-1M (large city),Private business,"Stay with the same employer, same role",Male
2024,12/26/2023 17:24:04,105000.0,United States,Full time employee,Analyst,No,8,4,2.0,100K-299K (city),Private business,"Stay with the same role, but change employers",Male
2024,12/26/2023 17:24:04,152000.0,United States,Full time employee,"Developer: Business Intelligence (SSRS, PowerBI, etc)",No,8,2 (I worked at another similar position elsewhere before this one),,100K-299K (city),Private business,"Stay with the same role, but change employers",Male
2024,12/26/2023 16:05:58,125000.0,United States,Full time employee,DBA (General - splits time evenly between writing & tuning queries AND building & troubleshooting servers),No,3,2 (I worked at another similar position elsewhere before this one),2.0,300K-1M (large city),Private business,"Stay with the same employer, same role",Female
2024,12/26/2023 16:03:06,85000.0,United States,Full time employee,Analyst,No,3,1 (this is the only company where I've had this kind of position),5.0,1M+ (metropolis),Private business,"Stay with the same employer,  but change roles",Male
2024,12/26/2023 16:02:13,185000.0,United States,Full time employee,Engineer,No,4,3,,300K-1M (large city),Private business,"Stay with the same employer, same role",Male
2024,12/26/2023 15:55:29,70000.0,United States,Full time employee,DBA (General - splits time evenly between writing & tuning queries AND building & troubleshooting servers),No,1,1 (this is the only company where I've had this kind of position),1.0,100K-299K (city),Private business,"Stay with the same employer, same role",Female
2024,12/26/2023 14:52:15,160000.0,United States,Full time employee,Architect,No,5,2 (I worked at another similar position elsewhere before this one),,1M+ (metropolis),Private business,"Stay with the same employer, same role",Male
2024,12/26/2023 14:41:39,135000.0,United States,Full time employee,"DBA (Production Focus - build & troubleshoot servers, HA/DR)",No,10,3,1.0,300K-1M (large city),Private business,"Stay with the same employer, same role",Male
2024,12/26/2023 14:32:44,120000.0,United States,Full time employee,Developer: T-SQL,No,34,6 or more,4.0,100K-299K (city),Private business,"Stay with the same employer, same role",Male
2024,12/26/2023 14:28:23,134500.0,United States,Full time employee,"DBA (Production Focus - build & troubleshoot servers, HA/DR)",Yes,13,1 (this is the only company where I've had this kind of position),,300K-1M (large city),Private business,"Stay with the same employer,  but change roles",Male
2024,12/26/2023 13:55:16,80000.0,United States,Full time employee,Engineer,No,0,2 (I worked at another similar position elsewhere before this one),,1M+ (metropolis),Private business,"Stay with the same employer, same role",Male
2024,12/26/2023 13:50:57,173000.0,United States,Full time employee,Manager,Yes,2,2 (I worked at another similar position elsewhere before this one),1.0,1M+ (metropolis),Private business,"Stay with the same employer, same role",Male
2024,12/26/2023 13:36:24,136000.0,United States,Full time employee of a consulting/contracting company,Engineer,No,17,3,,300K-1M (large city),Private business,"Stay with the same employer, same role",Male
2024,12/26/2023 13:23:21,187500.0,United States,Full time employee,Architect,No,16,2 (I worked at another similar position elsewhere before this one),2.0,1M+ (metropolis),Private business,"Stay with the same employer, same role",Male
2024,12/26/2023 13:11:13,150000.0,United States,Full time employee,DBA (General - splits time evenly between writing & tuning queries AND building & troubleshooting servers),No,12,2 (I worked at another similar position elsewhere before this one),4.0,1M+ (metropolis),Private business,"Stay with the same employer, same role",Male
2024,12/26/2023 13:10:09,120000.0,United States,Full time employee,Developer: T-SQL,No,21,6 or more,2.0,1M+ (metropolis),Private business,"Stay with the same employer, same role",Male
2024,12/26/2023 13:05:53,136000.0,United States,Full time employee,Architect,No,20,2 (I worked at another similar position elsewhere before this one),3.0,100K-299K (city),Private business,"Stay with the same employer, same role",Male
2024,12/26/2023 13:02:57,110400.0,United States,Full time employee,Engineer,No,2,2 (I worked at another similar position elsewhere before this one),3.0,1M+ (metropolis),Private business,"Stay with the same employer, same role",Male
2024,12/26/2023 13:02:38,200000.0,United States,Full time employee,DBA (General - splits time evenly between writing & tuning queries AND building & troubleshooting servers),Yes,18,4,3.0,1M+ (metropolis),Private business,"Stay with the same employer, same role",Male
2024,12/26/2023 12:22:20,250000.0,United States,Full time employee,Manager,Yes,3,2 (I worked at another similar position elsewhere before this one),,300K-1M (large city),Private business,"Stay with the same role, but change employers",Male
2024,12/26/2023 12:00:24,140000.0,United States,Full time employee,Engineer,Yes,3,2 (I worked at another similar position elsewhere before this one),3.0,1M+ (metropolis),Private business,"Stay with the same employer, same role",Male
2024,12/26/2023 11:59:20,115000.0,United States,Full time employee,"DBA (Development Focus - tunes queries, indexes, does deployments)",No,15,3,,1M+ (metropolis),Private business,"Stay with the same employer, same role",Male
2024,12/26/2023 11:49:14,142000.0,United States,Full time employee,DBA (General - splits time evenly between writing & tuning queries AND building & troubleshooting servers),No,14,2 (I worked at another similar position elsewhere before this one),,300K-1M (large city),Private business,"Stay with the same employer, same role",Female
2024,12/26/2023 11:47:12,76000.0,United States,Full time employee,DBA (General - splits time evenly between writing & tuning queries AND building & troubleshooting servers),No,5,2 (I worked at another similar position elsewhere before this one),,300K-1M (large city),Private business,"Stay with the same employer, same role",Male
2024,12/26/2023 11:26:43,235000.0,United States,Full time employee,Manager,Yes,4,1 (this is the only company where I've had this kind of position),,300K-1M (large city),Private business,"Stay with the same employer, same role",Male
2024,12/26/2023 11:21:37,107000.0,United States,Full time employee,Manager,Yes,9,1 (this is the only company where I've had this kind of position),,100K-299K (city),Private business,"Stay with the same employer, same role",Male
2024,12/26/2023 11:17:36,107000.0,United States,Full time employee,Developer: T-SQL,No,12,1 (this is the only company where I've had this kind of position),,100K-299K (city),Private business,"Stay with the same employer,  but change roles",Male
2024,12/26/2023 11:15:05,174500.0,United States,Full time employee,"DBA (Development Focus - tunes queries, indexes, does deployments)",No,8,1 (this is the only company where I've had this kind of position),,1M+ (metropolis),Private business,"Stay with the same employer, same role",Male
2024,12/26/2023 11:14:30,210000.0,United States,Full time employee,DBA (General - splits time evenly between writing & tuning queries AND building & troubleshooting servers),No,15,6 or more,1.0,300K-1M (large city),Private business,"Stay with the same role, but change employers",Male
2024,12/26/2023 11:13:22,114000.0,United States,Full time employee,DBA (General - splits time evenly between writing & tuning queries AND building & troubleshooting servers),No,10,1 (this is the only company where I've had this kind of position),1.0,1M+ (metropolis),Private business,"Stay with the same employer, same role",Male
2024,12/26/2023 11:04:16,115000.0,United States,Full time employee,Engineer,No,2,1 (this is the only company where I've had this kind of position),4.0,1M+ (metropolis),Private business,Change both employers and roles,Male
2024,12/26/2023 10:40:55,110000.0,United States,Full time employee,"DBA (Production Focus - build & troubleshoot servers, HA/DR)",No,2,1 (this is the only company where I've had this kind of position),1.0,300K-1M (large city),Private business,"Stay with the same role, but change employers",Male
2024,12/26/2023 10:29:09,128000.0,United States,Full time employee,DBA (General - splits time evenly between writing & tuning queries AND building & troubleshooting servers),No,20,5,2.0,100K-299K (city),Private business,"Stay with the same employer, same role",Female
2024,12/26/2023 10:27:26,130000.0,United States,Full time employee,DBA (General - splits time evenly between writing & tuning queries AND building & troubleshooting servers),No,20,3,1.0,300K-1M (large city),Private business,"Stay with the same employer, same role",Male
2024,12/26/2023 10:25:03,130000.0,United States,Full time employee,Architect,No,5,2 (I worked at another similar position elsewhere before this one),1.0,100K-299K (city),Private business,"Stay with the same employer, same role",Male
2024,12/26/2023 10:17:49,130000.0,United States,Full time employee of a consulting/contracting company,"DBA (Production Focus - build & troubleshoot servers, HA/DR)",No,20,2 (I worked at another similar position elsewhere before this one),3.0,100K-299K (city),Private business,"Stay with the same employer, same role",Male
2024,12/26/2023 10:07:51,140000.0,United States,Full time employee,Architect,Yes,3,2 (I worked at another similar position elsewhere before this one),,1M+ (metropolis),Private business,"Stay with the same employer, same role",Male
2024,12/26/2023 10:02:54,180000.0,United States,Full time employee,"Developer: App code (C#, JS, etc)",Yes,25,2 (I worked at another similar position elsewhere before this one),,1M+ (metropolis),Private business,"Stay with the same employer, same role",Male
2024,12/26/2023 9:58:50,225000.0,United States,Full time employee,"Developer: App code (C#, JS, etc)",Yes,20,4,,300K-1M (large city),Private business,"Stay with the same employer, same role",Male
2024,12/26/2023 9:57:55,134500.0,United States,Full time employee,"DBA (Production Focus - build & troubleshoot servers, HA/DR)",No,5,2 (I worked at another similar position elsewhere before this one),,1M+ (metropolis),Private business,"Stay with the same role, but change employers",Male
2024,12/26/2023 9:57:14,127000.0,United States,Full time employee,DBA (General - splits time evenly between writing & tuning queries AND building & troubleshooting servers),No,31,6 or more,2.0,100K-299K (city),Private business,"Stay with the same employer, same role",Male
2024,12/26/2023 9:48:33,140000.0,United States,Full time employee,DBA (General - splits time evenly between writing & tuning queries AND building & troubleshooting servers),No,10,3,,1M+ (metropolis),Private business,"Stay with the same employer,  but change roles",Female
2024,12/26/2023 9:47:31,125000.0,United States,Full time employee,Developer: T-SQL,No,5,1 (this is the only company where I've had this kind of position),2.0,1M+ (metropolis),Private business,"Stay with the same employer, same role",Female
2024,12/26/2023 9:46:13,291000.0,United States,Full time employee,Architect,No,10,3,,300K-1M (large city),Private business,"Stay with the same employer, same role",Male
2024,12/26/2023 9:45:25,107000.0,United States,Full time employee,DBA (General - splits time evenly between writing & tuning queries AND building & troubleshooting servers),No,27,6 or more,2.0,100K-299K (city),Private business,Prefer not to say,Male
2024,12/26/2023 9:44:22,73000.0,United States,Full time employee,"DBA (Development Focus - tunes queries, indexes, does deployments)",No,1,1 (this is the only company where I've had this kind of position),,100K-299K (city),Private business,"Stay with the same employer, same role",Male
2024,12/26/2023 9:43:24,135023.0,United States,Full time employee,"Developer: Business Intelligence (SSRS, PowerBI, etc)",No,7,2 (I worked at another similar position elsewhere before this one),,300K-1M (large city),Private business,"Stay with the same role, but change employers",Male
2024,12/26/2023 9:38:55,200000.0,United States,"Independent consultant, contractor, freelancer,  or company owner","Developer: Business Intelligence (SSRS, PowerBI, etc)",No,15,1 (this is the only company where I've had this kind of position),,300K-1M (large city),Private business,"Stay with the same employer, same role",Male
2024,12/26/2023 9:38:05,155000.0,United States,Full time employee,Engineer,No,25,1 (this is the only company where I've had this kind of position),,300K-1M (large city),Private business,"Stay with the same employer, same role",Male
2024,12/26/2023 9:32:22,165794.0,United States,Full time employee,Developer: T-SQL,Yes,10,2 (I worked at another similar position elsewhere before this one),2.0,100K-299K (city),Private business,"Stay with the same employer, same role",Female
2024,12/26/2023 9:31:22,146000.0,United States,Full time employee,DBA (General - splits time evenly between writing & tuning queries AND building & troubleshooting servers),No,22,5,1.0,1M+ (metropolis),Private business,"Stay with the same employer, same role",Male
2024,12/26/2023 9:26:13,133000.0,United States,Full time employee,Developer: T-SQL,No,5,2 (I worked at another similar position elsewhere before this one),3.0,100K-299K (city),Private business,"Stay with the same employer, same role",Male
2024,12/26/2023 9:18:22,116000.0,United States,Full time employee,DBA (General - splits time evenly between writing & tuning queries AND building & troubleshooting servers),No,21,4,,300K-1M (large city),Private business,"Stay with the same employer,  but change roles",Male
2024,12/26/2023 9:17:37,136000.0,United States,Full time employee,"Developer: App code (C#, JS, etc)",No,43,5,,1M+ (metropolis),Private business,"Stay with the same employer, same role",Male
2024,12/26/2023 9:16:51,134000.0,United States,Full time employee,Architect,No,11,1 (this is the only company where I've had this kind of position),5.0,1M+ (metropolis),Private business,"Stay with the same employer, same role",Male
2024,12/26/2023 9:09:52,110000.0,United States,Full time employee,Developer: T-SQL,No,4,2 (I worked at another similar position elsewhere before this one),,1M+ (metropolis),Private business,"Stay with the same employer, same role",Male
2024,12/26/2023 8:14:12,135000.0,United States,Full time employee,"DBA (Production Focus - build & troubleshoot servers, HA/DR)",No,13,5,2.0,1M+ (metropolis),Private business,"Stay with the same employer, same role",Male
2024,12/26/2023 7:06:44,151000.0,United States,Full time employee,Architect,No,3,3,,300K-1M (large city),Private business,"Stay with the same employer, same role",Male
2024,12/26/2023 6:35:49,160000.0,United States,Full time employee,Engineer,No,2018,2 (I worked at another similar position elsewhere before this one),1.0,1M+ (metropolis),Private business,"Stay with the same employer, same role",Male
2024,12/26/2023 6:28:57,120000.0,United States,Full time employee,DBA (General - splits time evenly between writing & tuning queries AND building & troubleshooting servers),No,10,2 (I worked at another similar position elsewhere before this one),3.0,300K-1M (large city),Private business,"Stay with the same employer, same role",Male
2024,12/26/2023 6:27:17,250000.0,United States,"Independent consultant, contractor, freelancer,  or company owner",Architect,No,5,2 (I worked at another similar position elsewhere before this one),,1M+ (metropolis),Private business,"Stay with the same employer, same role",Male
2024,12/26/2023 5:34:27,158000.0,United States,Full time employee,Architect,No,30,6 or more,2.0,1M+ (metropolis),Private business,Change both employers and roles,Male
2024,12/26/2023 5:30:52,125000.0,United States,Full time employee,Engineer,No,3,2 (I worked at another similar position elsewhere before this one),2.0,1M+ (metropolis),Private business,"Stay with the same employer,  but change roles",Male
2024,12/25/2023 15:21:27,135000.0,United States,Full time employee,Analyst,No,13,2 (I worked at another similar position elsewhere before this one),2.0,1M+ (metropolis),Private business,"Stay with the same employer,  but change roles",Male
2024,12/25/2023 2:22:52,150000.0,United States,Full time employee,Architect,No,2,3,,1M+ (metropolis),Private business,"Stay with the same role, but change employers",Male
2024,12/24/2023 21:13:42,191000.0,United States,Full time employee,DBA (General - splits time evenly between writing & tuning queries AND building & troubleshooting servers),No,12,2 (I worked at another similar position elsewhere before this one),3.0,1M+ (metropolis),Private business,Prefer not to say,Male
2024,12/23/2023 22:58:16,247000.0,United States,Full time employee,Architect,Yes,7,1 (this is the only company where I've had this kind of position),,1M+ (metropolis),Private business,Change both employers and roles,Male
2024,12/23/2023 13:54:44,150000.0,United States,Full time employee,DBA (General - splits time evenly between writing & tuning queries AND building & troubleshooting servers),No,15,2 (I worked at another similar position elsewhere before this one),,300K-1M (large city),Private business,"Stay with the same employer, same role",Male
2024,12/23/2023 13:19:21,130000.0,United States,Full time employee,"DBA (Production Focus - build & troubleshoot servers, HA/DR)",Yes,15,5,2.0,1M+ (metropolis),Private business,"Stay with the same employer,  but change roles",Male
2024,12/23/2023 9:49:50,105000.0,United States,Full time employee,"DBA (Development Focus - tunes queries, indexes, does deployments)",No,8,3,4.0,100K-299K (city),Private business,"Stay with the same employer, same role",Male
2024,12/23/2023 6:36:08,124800.0,United States,"Independent consultant, contractor, freelancer,  or company owner","DBA (Production Focus - build & troubleshoot servers, HA/DR)",No,4,2 (I worked at another similar position elsewhere before this one),,1M+ (metropolis),Private business,Prefer not to say,Male
2024,12/23/2023 6:32:58,81000.0,United States,Full time employee,Engineer,No,2,1 (this is the only company where I've had this kind of position),1.0,1M+ (metropolis),Private business,"Stay with the same role, but change employers",Male
2024,12/23/2023 4:09:46,120000.0,United States,Full time employee,DBA (General - splits time evenly between writing & tuning queries AND building & troubleshooting servers),No,10,3,,100K-299K (city),Private business,Change both employers and roles,Male
2024,12/22/2023 23:24:42,172800.0,United States,Full time employee,"DBA (Development Focus - tunes queries, indexes, does deployments)",No,6,2 (I worked at another similar position elsewhere before this one),,300K-1M (large city),Private business,"Stay with the same employer, same role",Male
2024,12/22/2023 20:14:53,145000.0,United States,Full time employee,Architect,No,15,3,,100K-299K (city),Private business,Change both employers and roles,Male
2024,12/22/2023 17:03:42,200000.0,United States,Full time employee of a consulting/contracting company,Architect,Yes,11,1 (this is the only company where I've had this kind of position),,1M+ (metropolis),Private business,Prefer not to say,Male
2024,12/22/2023 16:01:05,127000.0,United States,Full time employee,"Developer: Business Intelligence (SSRS, PowerBI, etc)",No,3,6 or more,2.0,300K-1M (large city),Private business,Change both employers and roles,Male
2024,12/22/2023 15:44:04,250000.0,United States,Full time employee,Architect,No,6,2 (I worked at another similar position elsewhere before this one),,300K-1M (large city),Private business,"Stay with the same employer, same role",Male
2024,12/22/2023 15:38:21,110000.0,United States,Full time employee,"Developer: Business Intelligence (SSRS, PowerBI, etc)",No,22,3,5.0,100K-299K (city),Private business,"Stay with the same employer, same role",Male
2024,12/22/2023 15:26:10,165000.0,United States,Full time employee,Architect,Yes,2,2 (I worked at another similar position elsewhere before this one),,300K-1M (large city),Private business,Change both employers and roles,Male
2024,12/22/2023 15:22:25,96000.0,United States,Full time employee,Analyst,No,20,2 (I worked at another similar position elsewhere before this one),,1M+ (metropolis),Private business,"Stay with the same role, but change employers",Female
2024,12/22/2023 15:02:49,142000.0,United States,Full time employee,DBA (General - splits time evenly between writing & tuning queries AND building & troubleshooting servers),No,5,2 (I worked at another similar position elsewhere before this one),2.0,300K-1M (large city),Private business,"Stay with the same employer, same role",Male
2024,12/22/2023 14:55:01,171000.0,United States,Full time employee,DBA (General - splits time evenly between writing & tuning queries AND building & troubleshooting servers),No,4,2 (I worked at another similar position elsewhere before this one),2.0,300K-1M (large city),Private business,"Stay with the same employer, same role",Male
2024,12/22/2023 14:52:22,121000.0,United States,Full time employee,DBA (General - splits time evenly between writing & tuning queries AND building & troubleshooting servers),No,14,2 (I worked at another similar position elsewhere before this one),1.0,1M+ (metropolis),Private business,"Stay with the same employer, same role",Male
2024,12/22/2023 13:26:10,190000.0,United States,Full time employee,Architect,No,5,1 (this is the only company where I've had this kind of position),,300K-1M (large city),Private business,"Stay with the same employer, same role",Male
2024,12/22/2023 13:20:15,215000.0,United States,Full time employee,Manager,Yes,6,2 (I worked at another similar position elsewhere before this one),,300K-1M (large city),Private business,"Stay with the same employer, same role",Male
2024,12/22/2023 11:23:36,126000.0,United States,"Independent consultant, contractor, freelancer,  or company owner",Developer: T-SQL,No,9,4,,20K-99K (large town),Private business,"Stay with the same role, but change employers",Male
2024,12/22/2023 10:58:12,120000.0,United States,Full time employee,"DBA (Development Focus - tunes queries, indexes, does deployments)",No,8,3,4.0,1M+ (metropolis),Private business,"Stay with the same employer, same role",Male
2024,12/22/2023 7:48:49,140000.0,United States,Full time employee,"DBA (Development Focus - tunes queries, indexes, does deployments)",No,6,2 (I worked at another similar position elsewhere before this one),5.0,100K-299K (city),Private business,Change both employers and roles,Female
2024,12/22/2023 6:16:48,128600.0,United States,Full time employee,DBA (General - splits time evenly between writing & tuning queries AND building & troubleshooting servers),No,15,2 (I worked at another similar position elsewhere before this one),2.0,300K-1M (large city),Private business,"Stay with the same employer,  but change roles",Female
2024,12/21/2023 12:23:22,161900.0,United States,Full time employee,Engineer,Yes,13,1 (this is the only company where I've had this kind of position),4.0,300K-1M (large city),Private business,Prefer not to say,Male
2024,12/21/2023 7:46:29,119000.0,United States,Full time employee,Engineer,No,20,1 (this is the only company where I've had this kind of position),,300K-1M (large city),Private business,"Stay with the same employer, same role",Male
2024,12/21/2023 7:17:05,188800.0,United States,Full time employee,DBA (General - splits time evenly between writing & tuning queries AND building & troubleshooting servers),No,10,3,4.0,300K-1M (large city),Private business,"Stay with the same employer, same role",Male
2024,12/19/2023 5:29:34,106000.0,United States,Full time employee,"DBA (Development Focus - tunes queries, indexes, does deployments)",No,15,3,,300K-1M (large city),Private business,Prefer not to say,Male
2024,12/19/2023 3:13:15,140000.0,United States,Full time employee,DBA (General - splits time evenly between writing & tuning queries AND building & troubleshooting servers),No,6,4,5.0,100K-299K (city),Private business,"Stay with the same employer, same role",Male
2024,12/19/2023 0:43:58,130000.0,United States,Full time employee,DBA (General - splits time evenly between writing & tuning queries AND building & troubleshooting servers),No,8,4,,300K-1M (large city),Private business,Prefer not to say,Male
2024,12/18/2023 16:56:06,99000.0,United States,Full time employee,DBA (General - splits time evenly between writing & tuning queries AND building & troubleshooting servers),No,5,1 (this is the only company where I've had this kind of position),3.0,1M+ (metropolis),Private business,"Stay with the same employer, same role",Male
2024,12/18/2023 15:18:56,184000.0,United States,Full time employee,"DBA (Production Focus - build & troubleshoot servers, HA/DR)",No,20,2 (I worked at another similar position elsewhere before this one),4.0,300K-1M (large city),Private business,"Stay with the same employer, same role",Male
2024,12/18/2023 11:22:39,126450.0,United States,Full time employee,"DBA (Production Focus - build & troubleshoot servers, HA/DR)",No,10,3,4.0,1M+ (metropolis),Private business,"Stay with the same employer, same role",Male
2024,12/16/2023 15:53:00,195000.0,United States,Full time employee,Engineer,No,8,2 (I worked at another similar position elsewhere before this one),,1M+ (metropolis),Private business,"Stay with the same employer, same role",Male
2024,12/16/2023 14:16:05,70000.0,United States,Full time employee,"Developer: Business Intelligence (SSRS, PowerBI, etc)",No,3,1 (this is the only company where I've had this kind of position),2.0,1M+ (metropolis),Private business,"Stay with the same employer, same role",Male
2024,12/15/2023 14:41:42,120000.0,United States,Full time employee,Architect,No,5,6 or more,4.0,1M+ (metropolis),Private business,"Stay with the same role, but change employers",Male
2024,12/15/2023 14:14:05,101420.0,United States,Full time employee,"DBA (Development Focus - tunes queries, indexes, does deployments)",No,9,2 (I worked at another similar position elsewhere before this one),4.0,1M+ (metropolis),Private business,"Stay with the same role, but change employers",Male
2024,12/15/2023 13:48:13,196700.0,United States,Full time employee of a consulting/contracting company,Architect,No,25,5,,1M+ (metropolis),Private business,Change both employers and roles,Male
2024,12/15/2023 13:21:57,132000.0,United States,Full time employee,"DBA (Production Focus - build & troubleshoot servers, HA/DR)",No,2,2 (I worked at another similar position elsewhere before this one),2.0,1M+ (metropolis),Private business,"Stay with the same role, but change employers",Male
2024,12/14/2023 21:36:42,205000.0,United States,Full time employee,Manager,Yes,15,6 or more,2.0,1M+ (metropolis),Private business,"Stay with the same employer, same role",Male
2024,12/14/2023 10:24:47,169000.0,United States,Full time employee,Developer: T-SQL,No,10,1 (this is the only company where I've had this kind of position),3.0,100K-299K (city),Private business,"Stay with the same employer, same role",Female
2024,12/14/2023 8:13:08,100000.0,United States,Full time employee,DBA (General - splits time evenly between writing & tuning queries AND building & troubleshooting servers),No,5,2 (I worked at another similar position elsewhere before this one),5.0,100K-299K (city),Private business,"Stay with the same employer, same role",Male
2024,12/13/2023 17:45:35,72800.0,United States,Full time employee,"Developer: App code (C#, JS, etc)",No,2,2 (I worked at another similar position elsewhere before this one),4.0,300K-1M (large city),Private business,"Stay with the same employer, same role",Female
2024,12/13/2023 14:29:37,125000.0,United States,Full time employee,DBA (General - splits time evenly between writing & tuning queries AND building & troubleshooting servers),Yes,8,3,,300K-1M (large city),Private business,"Stay with the same employer,  but change roles",Male
2024,12/13/2023 8:25:15,145000.0,United States,Full time employee,Architect,Yes,1,1 (this is the only company where I've had this kind of position),,100K-299K (city),Private business,"Stay with the same employer, same role",Male
2024,12/13/2023 5:26:47,100000.0,United States,Full time employee,"DBA (Production Focus - build & troubleshoot servers, HA/DR)",No,7,6 or more,,300K-1M (large city),Private business,"Stay with the same employer, same role",Male
2024,12/12/2023 21:02:15,198000.0,United States,Full time employee,Developer: T-SQL,No,28,6 or more,1.0,1M+ (metropolis),Private business,"Stay with the same employer, same role",Male
2024,12/12/2023 20:57:39,170000.0,United States,Full time employee of a consulting/contracting company,Architect,No,8,4,3.0,100K-299K (city),Private business,"Stay with the same employer, same role",Male
2024,12/12/2023 12:24:32,137500.0,United States,Full time employee,Manager,Yes,24,5,,1M+ (metropolis),Private business,"Stay with the same employer, same role",Female
2024,12/12/2023 12:24:27,103000.0,United States,Full time employee,"DBA (Production Focus - build & troubleshoot servers, HA/DR)",No,7,3,3.0,1M+ (metropolis),Private business,"Stay with the same employer, same role",Male
2024,12/12/2023 12:05:06,112000.0,United States,Full time employee,"Developer: Business Intelligence (SSRS, PowerBI, etc)",No,2,2 (I worked at another similar position elsewhere before this one),,1M+ (metropolis),Private business,"Stay with the same employer, same role",Male
2024,12/12/2023 9:25:19,175000.0,United States,Full time employee,DBA (General - splits time evenly between writing & tuning queries AND building & troubleshooting servers),No,11,5,2.0,1M+ (metropolis),Private business,Prefer not to say,Male
2024,12/11/2023 18:11:59,135000.0,United States,Full time employee,DBA (General - splits time evenly between writing & tuning queries AND building & troubleshooting servers),No,3,1 (this is the only company where I've had this kind of position),,300K-1M (large city),Private business,Prefer not to say,Male
2024,12/11/2023 13:18:13,168000.0,United States,Full time employee,Engineer,Yes,28,6 or more,,300K-1M (large city),Private business,"Stay with the same employer, same role",Male
2024,12/11/2023 12:21:46,145000.0,United States,Full time employee,DBA (General - splits time evenly between writing & tuning queries AND building & troubleshooting servers),No,8,2 (I worked at another similar position elsewhere before this one),4.0,300K-1M (large city),Private business,"Stay with the same employer, same role",Male
2024,12/11/2023 11:46:49,181300.0,United States,Full time employee,DBA (General - splits time evenly between writing & tuning queries AND building & troubleshooting servers),No,25,2 (I worked at another similar position elsewhere before this one),1.0,1M+ (metropolis),Private business,"Stay with the same employer, same role",Female
2024,12/11/2023 11:38:35,126000.0,United States,Full time employee of a consulting/contracting company,DBA (General - splits time evenly between writing & tuning queries AND building & troubleshooting servers),No,23,4,,300K-1M (large city),Private business,"Stay with the same employer, same role",Male
2024,12/11/2023 3:45:36,150000.0,United States,Full time employee,Manager,Yes,9,1 (this is the only company where I've had this kind of position),,300K-1M (large city),Private business,"Stay with the same employer, same role",Male
2024,12/9/2023 21:27:41,199000.0,United States,Full time employee,"DBA (Development Focus - tunes queries, indexes, does deployments)",No,25,5,,1M+ (metropolis),Private business,"Stay with the same employer, same role",Male
2024,12/9/2023 16:11:50,135000.0,United States,Full time employee,"DBA (Production Focus - build & troubleshoot servers, HA/DR)",No,22,2 (I worked at another similar position elsewhere before this one),1.0,1M+ (metropolis),Private business,"Stay with the same employer, same role",Male
2024,12/9/2023 10:24:13,170000.0,United States,Full time employee,Architect,No,29,6 or more,,100K-299K (city),Private business,"Stay with the same role, but change employers",Male
2024,12/9/2023 7:28:41,117000.0,United States,Full time employee,Developer: T-SQL,No,16,2 (I worked at another similar position elsewhere before this one),1.0,1M+ (metropolis),Private business,"Stay with the same role, but change employers",Male
2024,12/9/2023 6:05:31,153000.0,United States,Full time employee,"DBA (Production Focus - build & troubleshoot servers, HA/DR)",No,18,4,3.0,300K-1M (large city),Private business,"Stay with the same employer, same role",Male
2024,12/9/2023 6:01:19,155000.0,United States,Full time employee,DBA (General - splits time evenly between writing & tuning queries AND building & troubleshooting servers),No,15,4,,1M+ (metropolis),Private business,"Stay with the same employer, same role",Female
2024,12/9/2023 5:46:10,172000.0,United States,Full time employee,"Developer: App code (C#, JS, etc)",Yes,20,2 (I worked at another similar position elsewhere before this one),4.0,1M+ (metropolis),Private business,Prefer not to say,Male
2024,12/8/2023 20:51:53,108000.0,United States,Full time employee,DBA (General - splits time evenly between writing & tuning queries AND building & troubleshooting servers),No,8,1 (this is the only company where I've had this kind of position),,300K-1M (large city),Private business,Prefer not to say,Male
2024,12/8/2023 17:47:30,162000.0,United States,Full time employee,DBA (General - splits time evenly between writing & tuning queries AND building & troubleshooting servers),Yes,8,1 (this is the only company where I've had this kind of position),3.0,300K-1M (large city),Private business,"Stay with the same employer, same role",Male
2024,12/8/2023 10:16:57,63000.0,United States,Full time employee,"Developer: Business Intelligence (SSRS, PowerBI, etc)",No,6,1 (this is the only company where I've had this kind of position),,300K-1M (large city),Private business,Change both employers and roles,Female
2024,12/8/2023 9:20:31,165000.0,United States,Full time employee,Manager,Yes,15,2 (I worked at another similar position elsewhere before this one),,1M+ (metropolis),Private business,"Stay with the same employer, same role",Male
2024,12/8/2023 9:10:04,98000.0,United States,Full time employee,"DBA (Development Focus - tunes queries, indexes, does deployments)",No,20,4,2.0,1M+ (metropolis),Private business,"Stay with the same employer, same role",Male
2024,12/8/2023 8:33:51,138000.0,United States,"Independent consultant, contractor, freelancer,  or company owner","Developer: App code (C#, JS, etc)",No,29,1 (this is the only company where I've had this kind of position),,100K-299K (city),Private business,"Stay with the same employer, same role",Male
2024,12/8/2023 8:13:16,130000.0,United States,Full time employee,"DBA (Production Focus - build & troubleshoot servers, HA/DR)",No,28,4,1.0,1M+ (metropolis),Private business,"Stay with the same employer,  but change roles",Female
2024,12/8/2023 7:53:41,109000.0,United States,Full time employee,"DBA (Production Focus - build & troubleshoot servers, HA/DR)",Yes,6,1 (this is the only company where I've had this kind of position),1.0,1M+ (metropolis),Private business,Prefer not to say,Male
2024,12/8/2023 7:43:16,230000.0,United States,Full time employee,"Developer: App code (C#, JS, etc)",No,21,2 (I worked at another similar position elsewhere before this one),,100K-299K (city),Private business,Prefer not to say,Male
2024,12/8/2023 7:27:14,159000.0,United States,Full time employee,Architect,Yes,27,6 or more,3.0,300K-1M (large city),Private business,"Stay with the same employer,  but change roles",Male
2024,12/8/2023 6:32:23,160000.0,United States,Full time employee,Engineer,Yes,28,3,2.0,1M+ (metropolis),Private business,"Stay with the same employer, same role",Male
2024,12/8/2023 5:42:38,160000.0,United States,Full time employee,"DBA (Production Focus - build & troubleshoot servers, HA/DR)",Yes,7,4,3.0,300K-1M (large city),Private business,"Stay with the same employer, same role",Male
2024,12/8/2023 5:38:59,140000.0,United States,Full time employee,Engineer,No,12,3,1.0,100K-299K (city),Private business,"Stay with the same employer, same role",Male
2024,12/8/2023 5:26:55,105000.0,United States,Full time employee,Developer: T-SQL,No,6,2 (I worked at another similar position elsewhere before this one),2.0,100K-299K (city),Private business,Prefer not to say,Male
2024,12/8/2023 0:17:08,320000.0,United States,Full time employee,Engineer,No,20,5,,1M+ (metropolis),Private business,"Stay with the same role, but change employers",Male
2024,12/7/2023 19:23:04,160000.0,United States,Full time employee,Manager,Yes,30,4,3.0,1M+ (metropolis),Private business,"Stay with the same employer, same role",Male
2024,12/7/2023 18:49:43,96000.0,United States,Full time employee,"Developer: App code (C#, JS, etc)",No,12,1 (this is the only company where I've had this kind of position),1.0,100K-299K (city),Private business,"Stay with the same employer, same role",Male
2024,12/7/2023 18:48:41,130000.0,United States,Full time employee,DBA (General - splits time evenly between writing & tuning queries AND building & troubleshooting servers),No,9,3,2.0,1M+ (metropolis),Private business,"Stay with the same employer, same role",Male
2024,12/7/2023 18:34:46,130000.0,United States,Full time employee,Manager,Yes,2,1 (this is the only company where I've had this kind of position),,1M+ (metropolis),Private business,"Stay with the same employer,  but change roles",Male
2024,12/7/2023 14:09:05,110000.0,United States,Full time employee,"DBA (Production Focus - build & troubleshoot servers, HA/DR)",No,28,6 or more,,1M+ (metropolis),Private business,"Stay with the same employer, same role",Male
2024,12/7/2023 13:03:58,257579.0,United States,Full time employee,Engineer,No,25,6 or more,,1M+ (metropolis),Private business,"Stay with the same employer, same role",Male
2024,12/7/2023 13:03:30,65000.0,United States,Full time employee,DBA (General - splits time evenly between writing & tuning queries AND building & troubleshooting servers),No,1,1 (this is the only company where I've had this kind of position),3.0,100K-299K (city),Private business,"Stay with the same employer, same role",Male
2024,12/7/2023 12:57:17,170000.0,United States,Full time employee,Manager,Yes,6,2 (I worked at another similar position elsewhere before this one),,300K-1M (large city),Private business,"Stay with the same employer, same role",Male
2024,12/7/2023 12:37:14,185280.0,United States,Full time employee of a consulting/contracting company,"DBA (Production Focus - build & troubleshoot servers, HA/DR)",Yes,8,2 (I worked at another similar position elsewhere before this one),2.0,1M+ (metropolis),Private business,Prefer not to say,Male
2024,12/7/2023 11:56:05,230000.0,United States,Full time employee,"Developer: App code (C#, JS, etc)",No,4,1 (this is the only company where I've had this kind of position),,1M+ (metropolis),Private business,"Stay with the same employer, same role",Male
2024,12/7/2023 11:51:51,144000.0,United States,Full time employee,Developer: T-SQL,No,5,2 (I worked at another similar position elsewhere before this one),,300K-1M (large city),Private business,Prefer not to say,Male
2024,12/7/2023 11:12:10,160000.0,United States,Full time employee,"DBA (Production Focus - build & troubleshoot servers, HA/DR)",No,16,4,,1M+ (metropolis),Private business,Prefer not to say,Male
2024,12/7/2023 9:48:03,100000.0,United States,Full time employee,"DBA (Development Focus - tunes queries, indexes, does deployments)",Yes,6,1 (this is the only company where I've had this kind of position),1.0,1M+ (metropolis),Private business,"Stay with the same employer, same role",Male
2024,12/7/2023 8:25:17,163000.0,United States,Full time employee,"DBA (Development Focus - tunes queries, indexes, does deployments)",No,18,2 (I worked at another similar position elsewhere before this one),1.0,1M+ (metropolis),Private business,"Stay with the same employer, same role",Male
2024,12/7/2023 8:15:54,115000.0,United States,Full time employee,DBA (General - splits time evenly between writing & tuning queries AND building & troubleshooting servers),No,1,5,4.0,100K-299K (city),Private business,"Stay with the same employer, same role",Male
2024,12/7/2023 8:04:09,120000.0,United States,Full time employee,DBA (General - splits time evenly between writing & tuning queries AND building & troubleshooting servers),No,8,4,,300K-1M (large city),Private business,"Stay with the same employer, same role",Male
2024,12/7/2023 7:49:16,140000.0,United States,Full time employee,Manager,Yes,18,2 (I worked at another similar position elsewhere before this one),,20K-99K (large town),Private business,Prefer not to say,Male
2024,12/7/2023 7:23:11,147000.0,United States,"Independent consultant, contractor, freelancer,  or company owner","Developer: App code (C#, JS, etc)",Yes,22,3,1.0,"<= 20,000 (town)",Private business,"Stay with the same employer, same role",Male
2024,12/7/2023 7:22:36,150000.0,United States,Full time employee,Architect,No,13,5,,300K-1M (large city),Private business,"Stay with the same employer, same role",Female
2024,12/7/2023 7:11:00,113000.0,United States,Full time employee,Developer: T-SQL,No,8,1 (this is the only company where I've had this kind of position),3.0,100K-299K (city),Private business,"Stay with the same employer,  but change roles",Female
2024,12/7/2023 6:47:04,136000.0,United States,Full time employee,Architect,No,1,1 (this is the only company where I've had this kind of position),,1M+ (metropolis),Private business,"Stay with the same employer,  but change roles",Male
2024,12/7/2023 6:03:38,45000.0,United States,Full time employee,"DBA (Production Focus - build & troubleshoot servers, HA/DR)",Yes,3,1 (this is the only company where I've had this kind of position),,300K-1M (large city),Private business,Prefer not to say,Male
2024,12/7/2023 5:26:41,142000.0,United States,Full time employee,"DBA (Development Focus - tunes queries, indexes, does deployments)",No,15,3,4.0,100K-299K (city),Private business,Prefer not to say,Female
2024,12/7/2023 5:13:46,154000.0,United States,Full time employee,Engineer,No,30,2 (I worked at another similar position elsewhere before this one),,300K-1M (large city),Private business,"Stay with the same employer, same role",Male
2024,12/7/2023 4:47:20,118000.0,United States,Full time employee,"DBA (Development Focus - tunes queries, indexes, does deployments)",No,1,1 (this is the only company where I've had this kind of position),,100K-299K (city),Private business,"Stay with the same employer, same role",Male
2024,12/7/2023 4:14:53,210000.0,United States,Full time employee,Developer: T-SQL,No,20,4,,1M+ (metropolis),Private business,"Stay with the same employer, same role",Male
2024,12/7/2023 4:14:13,425000.0,United States,Full time employee,Manager,Yes,8,1 (this is the only company where I've had this kind of position),,1M+ (metropolis),Private business,"Stay with the same employer,  but change roles",Male
2024,12/7/2023 0:48:49,155000.0,United States,Full time employee,DBA (General - splits time evenly between writing & tuning queries AND building & troubleshooting servers),No,10,5,,100K-299K (city),Private business,"Stay with the same employer, same role",Male
2024,12/6/2023 22:03:31,130000.0,United States,Full time employee,DBA (General - splits time evenly between writing & tuning queries AND building & troubleshooting servers),No,18,5,4.0,100K-299K (city),Private business,"Stay with the same role, but change employers",Male
2024,12/6/2023 19:37:30,140000.0,United States,Full time employee,"DBA (Development Focus - tunes queries, indexes, does deployments)",No,7,2 (I worked at another similar position elsewhere before this one),,100K-299K (city),Private business,Prefer not to say,Male
2024,12/6/2023 18:20:43,122000.0,United States,Full time employee,DBA (General - splits time evenly between writing & tuning queries AND building & troubleshooting servers),Yes,4,1 (this is the only company where I've had this kind of position),,100K-299K (city),Private business,"Stay with the same employer, same role",Male
2024,12/6/2023 18:18:35,95000.0,United States,Full time employee of a consulting/contracting company,Engineer,No,2,2 (I worked at another similar position elsewhere before this one),2.0,1M+ (metropolis),Private business,"Stay with the same employer, same role",Male
2024,12/6/2023 18:08:26,116000.0,United States,Full time employee,DBA (General - splits time evenly between writing & tuning queries AND building & troubleshooting servers),No,20,1 (this is the only company where I've had this kind of position),,300K-1M (large city),Private business,"Stay with the same employer, same role",Male
2024,12/6/2023 17:20:10,100000.0,United States,Full time employee,Analyst,Yes,5,1 (this is the only company where I've had this kind of position),1.0,300K-1M (large city),Private business,"Stay with the same employer, same role",Male
2024,12/6/2023 17:12:40,119000.0,United States,Full time employee,DBA (General - splits time evenly between writing & tuning queries AND building & troubleshooting servers),No,7,2 (I worked at another similar position elsewhere before this one),,300K-1M (large city),Private business,"Stay with the same employer,  but change roles",Male
2024,12/6/2023 16:43:13,129600.0,United States,Full time employee,Manager,Yes,1,1 (this is the only company where I've had this kind of position),4.0,1M+ (metropolis),Private business,"Stay with the same employer, same role",Male
2024,12/6/2023 16:36:16,154000.0,United States,Full time employee,Manager,Yes,1,1 (this is the only company where I've had this kind of position),2.0,1M+ (metropolis),Private business,"Stay with the same employer, same role",Male
2024,12/6/2023 16:31:34,100000.0,United States,Full time employee,Developer: T-SQL,No,13,6 or more,3.0,300K-1M (large city),Private business,"Stay with the same employer,  but change roles",Male
2024,12/6/2023 15:52:50,58240.0,United States,Full time employee of a consulting/contracting company,Engineer,No,3,1 (this is the only company where I've had this kind of position),,300K-1M (large city),Private business,"Stay with the same employer,  but change roles",Male
2024,12/6/2023 15:46:10,133000.0,United States,Full time employee,"DBA (Development Focus - tunes queries, indexes, does deployments)",No,2,2 (I worked at another similar position elsewhere before this one),,20K-99K (large town),Private business,"Stay with the same employer, same role",Male
2024,12/6/2023 15:36:12,165000.0,United States,Full time employee,DBA (General - splits time evenly between writing & tuning queries AND building & troubleshooting servers),No,1,3,2.0,1M+ (metropolis),Private business,"Stay with the same employer, same role",Male
2024,12/6/2023 14:32:39,105000.0,United States,Full time employee,Engineer,No,8,1 (this is the only company where I've had this kind of position),,1M+ (metropolis),Private business,"Stay with the same employer, same role",Female
2024,12/6/2023 14:25:49,126513.0,United States,Full time employee,"DBA (Production Focus - build & troubleshoot servers, HA/DR)",No,5,5,1.0,1M+ (metropolis),Private business,"Stay with the same employer,  but change roles",Female
2024,12/6/2023 14:05:18,250000.0,United States,Full time employee,Architect,Yes,6,3,,300K-1M (large city),Private business,"Stay with the same employer, same role",Male
2024,12/6/2023 13:51:27,200000.0,United States,Full time employee,Manager,Yes,15,1 (this is the only company where I've had this kind of position),,1M+ (metropolis),Private business,"Stay with the same employer, same role",Male
2024,12/6/2023 13:38:01,116000.0,United States,Full time employee,"DBA (Production Focus - build & troubleshoot servers, HA/DR)",No,8,1 (this is the only company where I've had this kind of position),,300K-1M (large city),Private business,"Stay with the same employer, same role",Male
2024,12/6/2023 13:30:33,80000.0,United States,Full time employee,Developer: T-SQL,No,10,4,2.0,100K-299K (city),Private business,Prefer not to say,Male
2024,12/6/2023 13:29:45,130000.0,United States,Full time employee,Manager,Yes,7,1 (this is the only company where I've had this kind of position),,1M+ (metropolis),Private business,Change both employers and roles,Male
2024,12/6/2023 13:22:43,132400.0,United States,Full time employee,DBA (General - splits time evenly between writing & tuning queries AND building & troubleshooting servers),No,31,6 or more,1.0,20K-99K (large town),Private business,"Stay with the same employer, same role",Female
2024,12/6/2023 13:22:22,90000.0,United States,Full time employee,DBA (General - splits time evenly between writing & tuning queries AND building & troubleshooting servers),No,10,2 (I worked at another similar position elsewhere before this one),,100K-299K (city),Private business,"Stay with the same employer, same role",Male
2024,12/6/2023 13:17:52,240000.0,United States,Full time employee,Manager,Yes,15,2 (I worked at another similar position elsewhere before this one),,1M+ (metropolis),Private business,"Stay with the same employer, same role",Male
2024,12/6/2023 13:01:34,167000.0,United States,Full time employee,"DBA (Development Focus - tunes queries, indexes, does deployments)",No,10,2 (I worked at another similar position elsewhere before this one),,1M+ (metropolis),Private business,"Stay with the same employer, same role",Male
2024,12/6/2023 12:52:21,110000.0,United States,Full time employee,"DBA (Development Focus - tunes queries, indexes, does deployments)",No,10,1 (this is the only company where I've had this kind of position),,300K-1M (large city),Private business,"Stay with the same employer, same role",Male
2024,12/6/2023 12:49:34,146000.0,United States,Full time employee,DBA (General - splits time evenly between writing & tuning queries AND building & troubleshooting servers),No,30,4,1.0,300K-1M (large city),Private business,"Stay with the same employer, same role",Male
2024,12/6/2023 12:42:27,118000.0,United States,Full time employee,DBA (General - splits time evenly between writing & tuning queries AND building & troubleshooting servers),No,9,2 (I worked at another similar position elsewhere before this one),1.0,1M+ (metropolis),Private business,"Stay with the same employer, same role",Male
2024,12/6/2023 12:38:16,175000.0,United States,Full time employee,Architect,No,2,1 (this is the only company where I've had this kind of position),1.0,300K-1M (large city),Private business,"Stay with the same employer, same role",Male
2024,12/6/2023 12:36:50,98000.0,United States,Full time employee,Analyst,No,20,3,1.0,1M+ (metropolis),Private business,"Stay with the same employer, same role",Male
2024,12/6/2023 12:30:34,180000.0,United States,Full time employee,Developer: T-SQL,Yes,10,1 (this is the only company where I've had this kind of position),3.0,300K-1M (large city),Private business,"Stay with the same employer,  but change roles",Male
2024,12/6/2023 12:29:17,140000.0,United States,Full time employee,Manager,Yes,10,1 (this is the only company where I've had this kind of position),,300K-1M (large city),Private business,"Stay with the same employer, same role",Male
2024,12/6/2023 12:16:46,106000.0,United States,Full time employee,"Developer: App code (C#, JS, etc)",No,50,4,,100K-299K (city),Private business,"Stay with the same employer, same role",Male
2024,12/6/2023 12:16:16,62400.0,United States,Full time employee,"DBA (Development Focus - tunes queries, indexes, does deployments)",No,5,2 (I worked at another similar position elsewhere before this one),,1M+ (metropolis),Private business,"Stay with the same employer, same role",Male
2024,12/6/2023 12:10:16,95000.0,United States,Full time employee,"DBA (Development Focus - tunes queries, indexes, does deployments)",No,8,2 (I worked at another similar position elsewhere before this one),1.0,20K-99K (large town),Private business,"Stay with the same employer, same role",Male
2024,12/6/2023 12:00:05,55000.0,United States,Full time employee,DBA (General - splits time evenly between writing & tuning queries AND building & troubleshooting servers),No,9,1 (this is the only company where I've had this kind of position),,20K-99K (large town),Private business,"Stay with the same employer, same role",Male
2024,12/6/2023 11:55:28,145000.0,United States,Full time employee,"DBA (Production Focus - build & troubleshoot servers, HA/DR)",No,12,3,1.0,300K-1M (large city),Private business,"Stay with the same employer, same role",Male
2024,12/6/2023 11:50:04,124000.0,United States,Full time employee,DBA (General - splits time evenly between writing & tuning queries AND building & troubleshooting servers),No,25,2 (I worked at another similar position elsewhere before this one),,300K-1M (large city),Private business,"Stay with the same employer,  but change roles",Male
2024,12/6/2023 11:41:31,72550.0,United States,Full time employee,Data Scientist,No,8,1 (this is the only company where I've had this kind of position),2.0,1M+ (metropolis),Private business,"Stay with the same employer, same role",Male
2024,12/6/2023 11:39:14,187500.0,United States,Full time employee,Architect,No,20,4,,300K-1M (large city),Private business,Prefer not to say,Male
2024,12/6/2023 11:29:45,190000.0,United States,Full time employee,"DBA (Production Focus - build & troubleshoot servers, HA/DR)",No,4,1 (this is the only company where I've had this kind of position),,1M+ (metropolis),Private business,"Stay with the same employer,  but change roles",Male
2024,12/6/2023 11:25:39,70000.0,United States,Full time employee,"DBA (Production Focus - build & troubleshoot servers, HA/DR)",No,2,1 (this is the only company where I've had this kind of position),,100K-299K (city),Private business,"Stay with the same employer, same role",Male
2024,12/6/2023 11:19:09,188000.0,United States,Full time employee of a consulting/contracting company,"DBA (Production Focus - build & troubleshoot servers, HA/DR)",Yes,20,3,,1M+ (metropolis),Private business,"Stay with the same employer, same role",Male
2024,12/6/2023 11:16:12,125500.0,United States,Full time employee,Architect,No,5,3,,1M+ (metropolis),Private business,"Stay with the same role, but change employers",Female
2024,12/6/2023 11:12:49,142500.0,United States,Full time employee,DBA (General - splits time evenly between writing & tuning queries AND building & troubleshooting servers),No,32,4,,1M+ (metropolis),Private business,"Stay with the same employer, same role",Male
2024,12/6/2023 11:11:34,146000.0,United States,Full time employee,"DBA (Production Focus - build & troubleshoot servers, HA/DR)",No,23,3,4.0,20K-99K (large town),Private business,Prefer not to say,Female
2024,12/6/2023 11:07:10,117500.0,United States,Full time employee,"DBA (Production Focus - build & troubleshoot servers, HA/DR)",No,25,6 or more,1.0,100K-299K (city),Private business,"Stay with the same employer, same role",Male
2024,12/6/2023 11:06:28,124200.0,United States,Full time employee,Engineer,No,2,1 (this is the only company where I've had this kind of position),,300K-1M (large city),Private business,"Stay with the same employer, same role",Male
2024,12/6/2023 10:59:49,133000.0,United States,Full time employee,"DBA (Production Focus - build & troubleshoot servers, HA/DR)",No,10,2 (I worked at another similar position elsewhere before this one),,300K-1M (large city),Private business,"Stay with the same employer, same role",Male
2024,12/6/2023 10:57:18,140000.0,United States,Full time employee,DBA (General - splits time evenly between writing & tuning queries AND building & troubleshooting servers),No,18,6 or more,,100K-299K (city),Private business,"Stay with the same role, but change employers",Male
2024,12/6/2023 10:54:27,104000.0,United States,Full time employee,DBA (General - splits time evenly between writing & tuning queries AND building & troubleshooting servers),No,15,3,2.0,1M+ (metropolis),Private business,"Stay with the same role, but change employers",Male
2024,12/6/2023 10:53:11,127400.0,United States,Full time employee,DBA (General - splits time evenly between writing & tuning queries AND building & troubleshooting servers),No,3,1 (this is the only company where I've had this kind of position),1.0,1M+ (metropolis),Private business,Prefer not to say,Male
2024,12/6/2023 10:53:10,115000.0,United States,Full time employee,DBA (General - splits time evenly between writing & tuning queries AND building & troubleshooting servers),No,5,1 (this is the only company where I've had this kind of position),3.0,100K-299K (city),Private business,"Stay with the same employer, same role",Male
2024,12/6/2023 10:48:07,108900.0,United States,Full time employee,"Developer: App code (C#, JS, etc)",No,8,1 (this is the only company where I've had this kind of position),5.0,100K-299K (city),Private business,"Stay with the same role, but change employers",Male
2024,12/6/2023 10:42:23,269000.0,United States,Full time employee,"DBA (Development Focus - tunes queries, indexes, does deployments)",Yes,6,2 (I worked at another similar position elsewhere before this one),2.0,300K-1M (large city),Private business,"Stay with the same employer,  but change roles",Male
2024,12/6/2023 10:39:06,195600.0,United States,Full time employee,"DBA (Production Focus - build & troubleshoot servers, HA/DR)",No,15,6 or more,,300K-1M (large city),Private business,"Stay with the same employer, same role",Male
2024,12/6/2023 10:37:22,80000.0,United States,Full time employee,DBA (General - splits time evenly between writing & tuning queries AND building & troubleshooting servers),No,3,1 (this is the only company where I've had this kind of position),1.0,100K-299K (city),Private business,"Stay with the same employer, same role",Male
2024,12/6/2023 10:34:21,85000.0,United States,Full time employee,"DBA (Production Focus - build & troubleshoot servers, HA/DR)",Yes,4,1 (this is the only company where I've had this kind of position),4.0,100K-299K (city),Private business,"Stay with the same employer, same role",Male
2024,12/6/2023 10:30:08,130000.0,United States,Full time employee,DBA (General - splits time evenly between writing & tuning queries AND building & troubleshooting servers),Yes,5,2 (I worked at another similar position elsewhere before this one),3.0,1M+ (metropolis),Private business,"Stay with the same role, but change employers",Male
2024,12/6/2023 10:28:19,126000.0,United States,Full time employee,DBA (General - splits time evenly between writing & tuning queries AND building & troubleshooting servers),Yes,30,3,,300K-1M (large city),Private business,"Stay with the same employer, same role",Female
2024,12/6/2023 10:26:59,210000.0,United States,Full time employee,DBA (General - splits time evenly between writing & tuning queries AND building & troubleshooting servers),No,1,6 or more,1.0,300K-1M (large city),Private business,Change both employers and roles,Male
2024,12/6/2023 10:22:58,104000.0,United States,Full time employee,DBA (General - splits time evenly between writing & tuning queries AND building & troubleshooting servers),No,13,2 (I worked at another similar position elsewhere before this one),2.0,20K-99K (large town),Private business,"Stay with the same employer, same role",Male
2024,12/6/2023 10:22:12,140000.0,United States,Full time employee,DBA (General - splits time evenly between writing & tuning queries AND building & troubleshooting servers),No,10,4,,20K-99K (large town),Private business,"Stay with the same employer, same role",Male
2024,12/6/2023 10:15:50,215000.0,United States,Full time employee,Manager,Yes,10,3,,300K-1M (large city),Private business,"Stay with the same employer, same role",Male
2024,12/6/2023 10:14:38,172000.0,United States,Full time employee of a consulting/contracting company,"DBA (Development Focus - tunes queries, indexes, does deployments)",No,3,3,4.0,1M+ (metropolis),Private business,"Stay with the same employer,  but change roles",Male
2024,12/6/2023 10:12:56,168000.0,United States,"Independent consultant, contractor, freelancer,  or company owner",Developer: T-SQL,No,15,1 (this is the only company where I've had this kind of position),,300K-1M (large city),Private business,"Stay with the same employer, same role",Male
2024,12/6/2023 10:10:47,232000.0,United States,Full time employee,Architect,Yes,20,2 (I worked at another similar position elsewhere before this one),,1M+ (metropolis),Private business,"Stay with the same employer, same role",Male
2024,12/6/2023 10:08:46,135000.0,United States,Full time employee,DBA (General - splits time evenly between writing & tuning queries AND building & troubleshooting servers),No,13,2 (I worked at another similar position elsewhere before this one),1.0,1M+ (metropolis),Private business,"Stay with the same employer, same role",Male
2024,12/6/2023 10:06:15,165000.0,United States,Full time employee,Manager,Yes,2,2 (I worked at another similar position elsewhere before this one),,1M+ (metropolis),Private business,"Stay with the same employer, same role",Male
2024,12/6/2023 10:05:30,141000.0,United States,Full time employee,Other,Yes,5,6 or more,,1M+ (metropolis),Private business,"Stay with the same role, but change employers",Male
2024,12/6/2023 10:03:17,135000.0,United States,Full time employee,Data Scientist,No,5,2 (I worked at another similar position elsewhere before this one),2.0,1M+ (metropolis),Private business,"Stay with the same employer, same role",Male
2024,12/6/2023 10:00:56,116000.0,United States,Full time employee,DBA (General - splits time evenly between writing & tuning queries AND building & troubleshooting servers),No,13,2 (I worked at another similar position elsewhere before this one),,300K-1M (large city),Private business,"Stay with the same employer, same role",Male
2024,12/6/2023 10:00:37,80500.0,United States,Full time employee,Developer: T-SQL,No,1,1 (this is the only company where I've had this kind of position),1.0,300K-1M (large city),Private business,Change both employers and roles,Male
2024,12/6/2023 9:59:53,91000.0,United States,Full time employee,DBA (General - splits time evenly between writing & tuning queries AND building & troubleshooting servers),No,25,5,,1M+ (metropolis),Private business,"Stay with the same employer, same role",Female
2024,12/6/2023 9:59:44,108000.0,United States,Full time employee,"DBA (Production Focus - build & troubleshoot servers, HA/DR)",No,18,2 (I worked at another similar position elsewhere before this one),,300K-1M (large city),Private business,"Stay with the same employer, same role",Male
2024,12/6/2023 9:58:11,165000.0,United States,Full time employee,DBA (General - splits time evenly between writing & tuning queries AND building & troubleshooting servers),No,32,5,1.0,1M+ (metropolis),Private business,Change both employers and roles,Male
2024,12/6/2023 9:57:02,97000.0,United States,Full time employee,DBA (General - splits time evenly between writing & tuning queries AND building & troubleshooting servers),No,15,2 (I worked at another similar position elsewhere before this one),1.0,20K-99K (large town),Private business,"Stay with the same employer, same role",Male
2024,12/6/2023 9:56:38,102000.0,United States,Full time employee,Engineer,No,5,1 (this is the only company where I've had this kind of position),3.0,1M+ (metropolis),Private business,"Stay with the same employer, same role",Male
2024,12/6/2023 9:51:55,150000.0,United States,Full time employee,DBA (General - splits time evenly between writing & tuning queries AND building & troubleshooting servers),No,15,4,3.0,300K-1M (large city),Private business,"Stay with the same employer, same role",Male
2024,12/6/2023 9:51:52,130000.0,United States,"Independent consultant, contractor, freelancer,  or company owner","DBA (Development Focus - tunes queries, indexes, does deployments)",No,15,6 or more,,300K-1M (large city),Private business,Change both employers and roles,Male
2024,12/6/2023 9:51:25,102000.0,United States,Full time employee,Engineer,No,5,2 (I worked at another similar position elsewhere before this one),,100K-299K (city),Private business,"Stay with the same employer, same role",Male
2024,12/6/2023 9:50:11,143000.0,United States,Full time employee,DBA (General - splits time evenly between writing & tuning queries AND building & troubleshooting servers),No,23,6 or more,,1M+ (metropolis),Private business,Prefer not to say,Male
2024,12/6/2023 9:45:59,74000.0,United States,Full time employee,"DBA (Production Focus - build & troubleshoot servers, HA/DR)",No,3,1 (this is the only company where I've had this kind of position),,100K-299K (city),Private business,"Stay with the same employer, same role",Male
2024,12/6/2023 9:44:27,136000.0,United States,Full time employee,"DBA (Production Focus - build & troubleshoot servers, HA/DR)",No,10,2 (I worked at another similar position elsewhere before this one),,300K-1M (large city),Private business,"Stay with the same employer, same role",Male
2024,12/6/2023 9:43:42,132000.0,United States,Full time employee,Manager,Yes,15,1 (this is the only company where I've had this kind of position),1.0,1M+ (metropolis),Private business,"Stay with the same employer, same role",Male
2024,12/6/2023 9:41:55,121000.0,United States,Full time employee,"Developer: Business Intelligence (SSRS, PowerBI, etc)",No,8,1 (this is the only company where I've had this kind of position),,1M+ (metropolis),Private business,Change both employers and roles,Male
2024,12/6/2023 9:39:29,120000.0,United States,Full time employee,DBA (General - splits time evenly between writing & tuning queries AND building & troubleshooting servers),No,15,2 (I worked at another similar position elsewhere before this one),1.0,1M+ (metropolis),Private business,"Stay with the same employer, same role",Male
2024,12/6/2023 9:39:25,130000.0,United States,Full time employee,Manager,Yes,5,2 (I worked at another similar position elsewhere before this one),,300K-1M (large city),Private business,Prefer not to say,Male
2024,12/6/2023 9:38:50,147000.0,United States,Full time employee,"DBA (Development Focus - tunes queries, indexes, does deployments)",Yes,15,1 (this is the only company where I've had this kind of position),,1M+ (metropolis),Private business,"Stay with the same employer, same role",Female
2024,12/6/2023 9:38:42,133000.0,United States,Full time employee,DBA (General - splits time evenly between writing & tuning queries AND building & troubleshooting servers),No,15,2 (I worked at another similar position elsewhere before this one),,300K-1M (large city),Private business,"Stay with the same employer, same role",Male
2024,12/6/2023 9:37:20,212906.0,United States,"Independent consultant, contractor, freelancer,  or company owner","Developer: App code (C#, JS, etc)",Yes,5,3,,300K-1M (large city),Private business,"Stay with the same employer,  but change roles",Male
2024,12/6/2023 9:34:54,110000.0,United States,Full time employee,Engineer,No,4,1 (this is the only company where I've had this kind of position),1.0,300K-1M (large city),Private business,"Stay with the same employer, same role",Female
2024,12/6/2023 9:32:36,218600.0,United States,Full time employee,DBA (General - splits time evenly between writing & tuning queries AND building & troubleshooting servers),Yes,17,5,4.0,1M+ (metropolis),Private business,Change both employers and roles,Male
2024,12/6/2023 9:31:31,115000.0,United States,Full time employee,DBA (General - splits time evenly between writing & tuning queries AND building & troubleshooting servers),No,2,2 (I worked at another similar position elsewhere before this one),,"<= 20,000 (town)",Private business,"Stay with the same employer, same role",Male
2024,12/6/2023 9:31:11,165000.0,United States,Full time employee of a consulting/contracting company,"DBA (Production Focus - build & troubleshoot servers, HA/DR)",No,20,1 (this is the only company where I've had this kind of position),,1M+ (metropolis),Private business,"Stay with the same employer, same role",Male
2024,12/6/2023 9:30:12,190000.0,United States,Full time employee,"DBA (Production Focus - build & troubleshoot servers, HA/DR)",Yes,15,4,2.0,1M+ (metropolis),Private business,"Stay with the same employer, same role",Male
2024,12/6/2023 9:30:10,158000.0,United States,Full time employee,DBA (General - splits time evenly between writing & tuning queries AND building & troubleshooting servers),No,20,5,,300K-1M (large city),Private business,"Stay with the same employer, same role",Male
2024,12/6/2023 9:26:02,265000.0,United States,"Independent consultant, contractor, freelancer,  or company owner","Developer: App code (C#, JS, etc)",No,35,3,,100K-299K (city),Private business,"Stay with the same employer, same role",Male
2024,12/6/2023 9:25:32,71000.0,United States,Full time employee,"Developer: Business Intelligence (SSRS, PowerBI, etc)",No,3,1 (this is the only company where I've had this kind of position),1.0,20K-99K (large town),Private business,"Stay with the same employer, same role",Male
2024,12/6/2023 9:24:38,167000.0,United States,Full time employee,Architect,No,32,2 (I worked at another similar position elsewhere before this one),2.0,1M+ (metropolis),Private business,"Stay with the same employer, same role",Male
2024,12/6/2023 9:24:34,145000.0,United States,Full time employee,DBA (General - splits time evenly between writing & tuning queries AND building & troubleshooting servers),No,5,1 (this is the only company where I've had this kind of position),,1M+ (metropolis),Private business,"Stay with the same employer, same role",Male
2024,12/6/2023 9:23:44,135000.0,United States,Full time employee,DBA (General - splits time evenly between writing & tuning queries AND building & troubleshooting servers),No,15,3,,1M+ (metropolis),Private business,"Stay with the same employer, same role",Male
2024,12/6/2023 9:23:29,97000.0,United States,Full time employee,"Developer: Business Intelligence (SSRS, PowerBI, etc)",No,5,1 (this is the only company where I've had this kind of position),,20K-99K (large town),Private business,"Stay with the same employer, same role",Female
2024,12/6/2023 9:22:23,84000.0,United States,Full time employee,DBA (General - splits time evenly between writing & tuning queries AND building & troubleshooting servers),Yes,6,1 (this is the only company where I've had this kind of position),,100K-299K (city),Private business,"Stay with the same employer, same role",Male
2024,12/6/2023 9:21:41,106500.0,United States,Full time employee,"Developer: Business Intelligence (SSRS, PowerBI, etc)",No,8,1 (this is the only company where I've had this kind of position),,"<= 20,000 (town)",Private business,Change both employers and roles,Male
2024,12/6/2023 9:21:32,240000.0,United States,Full time employee,Manager,Yes,14,2 (I worked at another similar position elsewhere before this one),,300K-1M (large city),Private business,"Stay with the same employer, same role",Male
2024,12/6/2023 9:21:17,105000.0,United States,Full time employee,Architect,No,4,1 (this is the only company where I've had this kind of position),,1M+ (metropolis),Private business,"Stay with the same employer, same role",Female
2024,12/6/2023 9:20:36,131000.0,United States,Full time employee,DBA (General - splits time evenly between writing & tuning queries AND building & troubleshooting servers),No,10,6 or more,1.0,1M+ (metropolis),Private business,"Stay with the same employer, same role",Male
2024,12/6/2023 9:20:36,159000.0,United States,Full time employee,"DBA (Production Focus - build & troubleshoot servers, HA/DR)",No,13,6 or more,2.0,1M+ (metropolis),Private business,"Stay with the same employer, same role",Male
2024,12/6/2023 9:19:38,105000.0,United States,Full time employee,Developer: T-SQL,Yes,15,5,,1M+ (metropolis),Private business,"Stay with the same employer, same role",Male
2024,12/6/2023 9:18:53,125000.0,United States,Full time employee,Engineer,No,6,2 (I worked at another similar position elsewhere before this one),4.0,100K-299K (city),Private business,Change both employers and roles,Male
2024,12/6/2023 9:18:28,165000.0,United States,Full time employee,"DBA (Development Focus - tunes queries, indexes, does deployments)",No,3,4,,20K-99K (large town),Private business,Change both employers and roles,Male
2024,12/6/2023 9:18:28,72000.0,United States,Full time employee,Analyst,No,1,1 (this is the only company where I've had this kind of position),,100K-299K (city),Private business,"Stay with the same role, but change employers",Male
2024,12/6/2023 9:18:28,165000.0,United States,Full time employee,Other,No,40,5,1.0,300K-1M (large city),Private business,"Stay with the same employer, same role",Male
2024,12/6/2023 9:17:54,140000.0,United States,Full time employee,DBA (General - splits time evenly between writing & tuning queries AND building & troubleshooting servers),No,4,2 (I worked at another similar position elsewhere before this one),,1M+ (metropolis),Private business,Prefer not to say,Male
2024,12/6/2023 9:17:49,135000.0,United States,Full time employee,"DBA (Development Focus - tunes queries, indexes, does deployments)",No,5,1 (this is the only company where I've had this kind of position),,100K-299K (city),Private business,"Stay with the same employer, same role",Male
2024,12/6/2023 9:17:39,99300.0,United States,Full time employee,"DBA (Production Focus - build & troubleshoot servers, HA/DR)",No,22,1 (this is the only company where I've had this kind of position),1.0,"<= 20,000 (town)",Private business,"Stay with the same employer, same role",Male
2024,12/6/2023 9:17:22,95000.0,United States,Full time employee,"DBA (Production Focus - build & troubleshoot servers, HA/DR)",No,6,1 (this is the only company where I've had this kind of position),4.0,300K-1M (large city),Private business,"Stay with the same employer, same role",Female
2024,12/6/2023 9:17:16,145000.0,United States,Full time employee,DBA (General - splits time evenly between writing & tuning queries AND building & troubleshooting servers),Yes,36,4,1.0,100K-299K (city),Private business,"Stay with the same employer, same role",Male
2024,12/6/2023 9:16:41,160000.0,United States,Full time employee,"DBA (Development Focus - tunes queries, indexes, does deployments)",No,8,4,,100K-299K (city),Private business,"Stay with the same role, but change employers",Female
2024,12/6/2023 9:16:12,56000.0,United States,Full time employee,Engineer,No,2,2 (I worked at another similar position elsewhere before this one),,300K-1M (large city),Private business,"Stay with the same role, but change employers",Male
2024,12/6/2023 9:14:48,131000.0,United States,Full time employee,"DBA (Production Focus - build & troubleshoot servers, HA/DR)",No,12,2 (I worked at another similar position elsewhere before this one),1.0,20K-99K (large town),Private business,"Stay with the same employer, same role",Male
2024,12/6/2023 9:14:45,170000.0,United States,Full time employee,Engineer,No,10,4,1.0,100K-299K (city),Private business,"Stay with the same employer, same role",Male
2024,12/6/2023 9:14:24,130000.0,United States,Full time employee,"Developer: Business Intelligence (SSRS, PowerBI, etc)",No,1,6 or more,5.0,100K-299K (city),Private business,"Stay with the same employer, same role",Male
2024,12/6/2023 9:10:30,70000.0,United States,Full time employee,DBA (General - splits time evenly between writing & tuning queries AND building & troubleshooting servers),No,3,1 (this is the only company where I've had this kind of position),1.0,300K-1M (large city),Private business,"Stay with the same employer,  but change roles",Male
2024,12/6/2023 9:09:37,180000.0,United States,Full time employee,DBA (General - splits time evenly between writing & tuning queries AND building & troubleshooting servers),No,15,3,,300K-1M (large city),Private business,"Stay with the same employer, same role",Male
2024,12/6/2023 8:56:11,65000.0,United States,Full time employee,"Developer: Business Intelligence (SSRS, PowerBI, etc)",No,3,1 (this is the only company where I've had this kind of position),1.0,100K-299K (city),Private business,Prefer not to say,Male
2024,12/6/2023 8:53:05,133000.0,United States,Full time employee,"DBA (Production Focus - build & troubleshoot servers, HA/DR)",No,9,2 (I worked at another similar position elsewhere before this one),3.0,300K-1M (large city),Private business,"Stay with the same employer, same role",Male
2024,12/6/2023 8:47:08,119000.0,United States,Full time employee,"DBA (Production Focus - build & troubleshoot servers, HA/DR)",No,10,3,3.0,100K-299K (city),Private business,"Stay with the same employer,  but change roles",Male
2024,12/6/2023 8:46:09,180000.0,United States,Full time employee,Manager,Yes,21,1 (this is the only company where I've had this kind of position),,1M+ (metropolis),Private business,"Stay with the same employer, same role",Male
2024,12/6/2023 8:33:53,190000.0,United States,Full time employee,Manager,Yes,6,2 (I worked at another similar position elsewhere before this one),2.0,100K-299K (city),Private business,"Stay with the same employer, same role",Male
2024,12/6/2023 8:33:44,89000.0,United States,Full time employee,DBA (General - splits time evenly between writing & tuning queries AND building & troubleshooting servers),No,1,1 (this is the only company where I've had this kind of position),,300K-1M (large city),Private business,"Stay with the same employer, same role",Male
2024,12/6/2023 8:15:52,127000.0,United States,Full time employee,Developer: T-SQL,No,8,2 (I worked at another similar position elsewhere before this one),1.0,1M+ (metropolis),Private business,"Stay with the same employer, same role",Male
2024,12/6/2023 8:07:35,90000.0,United States,Full time employee,"Developer: Business Intelligence (SSRS, PowerBI, etc)",No,9,2 (I worked at another similar position elsewhere before this one),,20K-99K (large town),Private business,"Stay with the same employer, same role",Male
2024,12/6/2023 7:59:53,132000.0,United States,Full time employee,"DBA (Development Focus - tunes queries, indexes, does deployments)",Yes,20,1 (this is the only company where I've had this kind of position),3.0,1M+ (metropolis),Private business,"Stay with the same employer, same role",Male
2024,12/6/2023 7:41:37,171000.0,United States,Full time employee,Manager,Yes,2,1 (this is the only company where I've had this kind of position),1.0,1M+ (metropolis),Private business,"Stay with the same employer, same role",Male
2024,12/6/2023 7:29:14,140000.0,United States,Full time employee,Data Scientist,No,15,2 (I worked at another similar position elsewhere before this one),3.0,20K-99K (large town),Private business,"Stay with the same employer, same role",Male
2024,12/6/2023 7:28:03,117500.0,United States,Full time employee,DBA (General - splits time evenly between writing & tuning queries AND building & troubleshooting servers),Yes,10,2 (I worked at another similar position elsewhere before this one),,300K-1M (large city),Private business,"Stay with the same role, but change employers",Male
2024,12/6/2023 7:16:33,151000.0,United States,Full time employee,Architect,Yes,1,2 (I worked at another similar position elsewhere before this one),1.0,1M+ (metropolis),Private business,"Stay with the same employer, same role",Male
2024,12/6/2023 7:14:45,166677.0,United States,Full time employee,DBA (General - splits time evenly between writing & tuning queries AND building & troubleshooting servers),No,4,3,1.0,1M+ (metropolis),Private business,Prefer not to say,Male
2024,12/6/2023 7:13:32,168000.0,United States,Full time employee,Architect,Yes,20,2 (I worked at another similar position elsewhere before this one),,1M+ (metropolis),Private business,"Stay with the same employer, same role",Male
2024,12/6/2023 6:06:28,195000.0,United States,Full time employee,DBA (General - splits time evenly between writing & tuning queries AND building & troubleshooting servers),Yes,8,3,2.0,100K-299K (city),Private business,"Stay with the same employer,  but change roles",Male
2024,12/6/2023 6:00:35,165000.0,United States,Full time employee,Architect,No,2,2 (I worked at another similar position elsewhere before this one),,300K-1M (large city),Private business,"Stay with the same employer, same role",Male
2024,12/6/2023 5:54:52,90000.0,United States,Full time employee,DBA (General - splits time evenly between writing & tuning queries AND building & troubleshooting servers),No,4,1 (this is the only company where I've had this kind of position),,300K-1M (large city),Private business,"Stay with the same role, but change employers",Male
2024,12/6/2023 5:47:41,100000.0,United States,Full time employee,Developer: T-SQL,No,8,1 (this is the only company where I've had this kind of position),,1M+ (metropolis),Private business,"Stay with the same role, but change employers",Male
2024,12/6/2023 5:45:20,100000.0,United States,Full time employee,"DBA (Development Focus - tunes queries, indexes, does deployments)",No,8,1 (this is the only company where I've had this kind of position),4.0,100K-299K (city),Private business,"Stay with the same role, but change employers",Male
2024,12/6/2023 5:31:35,120000.0,United States,Full time employee,"DBA (Production Focus - build & troubleshoot servers, HA/DR)",No,20,3,,300K-1M (large city),Private business,"Stay with the same employer, same role",Male
2023,12/30/2022 6:34:50,99000.0,United States,Full time employee,Engineer,No,7,3,,1M+ (metropolis),Private business,"Stay with the same role, but change employers",Female
2023,12/28/2022 15:27:32,107800.0,United States,Full time employee,DBA (General - splits time evenly between writing & tuning queries AND building & troubleshooting servers),No,15,5,4.0,100K-299K (city),Private business,"Stay with the same employer, same role",Male
2023,12/28/2022 7:35:55,210000.0,United States,Full time employee,"Developer: App code (C#, JS, etc)",No,22,4,,1M+ (metropolis),Private business,"Stay with the same employer, same role",Male
2023,12/23/2022 19:08:56,140000.0,United States,Full time employee,Architect,No,10,4,3.0,100K-299K (city),Private business,Change both employers and roles,Male
2023,12/21/2022 15:14:44,144000.0,United States,Full time employee,DBA (General - splits time evenly between writing & tuning queries AND building & troubleshooting servers),Yes,26,3,1.0,100K-299K (city),Private business,"Stay with the same employer, same role",Female
2023,12/21/2022 11:57:04,70000.0,United States,Full time employee,"Developer: Business Intelligence (SSRS, PowerBI, etc)",No,2,1 (this is the only company where I've had this kind of position),3.0,1M+ (metropolis),Private business,"Stay with the same employer, same role",Male
2023,12/21/2022 11:37:20,190000.0,United States,Full time employee,Other,No,19,3,,1M+ (metropolis),Private business,"Stay with the same employer, same role",Male
2023,12/21/2022 10:06:51,155000.0,United States,Full time employee of a consulting/contracting company,Engineer,No,6,5,,300K-1M (large city),Private business,"Stay with the same employer, same role",Male
2023,12/21/2022 8:55:35,110000.0,United States,Full time employee of a consulting/contracting company,DBA (General - splits time evenly between writing & tuning queries AND building & troubleshooting servers),No,8,4,1.0,20K-99K (large town),Private business,"Stay with the same employer, same role",Male
2023,12/20/2022 15:08:00,280000.0,United States,Full time employee,DBA (General - splits time evenly between writing & tuning queries AND building & troubleshooting servers),No,8,3,5.0,1M+ (metropolis),Private business,Change both employers and roles,Male
2023,12/20/2022 9:03:02,152250.0,United States,Full time employee,"DBA (Development Focus - tunes queries, indexes, does deployments)",No,21,4,5.0,1M+ (metropolis),Private business,"Stay with the same employer, same role",Male
2023,12/20/2022 6:26:22,157500.0,United States,Full time employee,Engineer,No,10,3,1.0,1M+ (metropolis),Private business,"Stay with the same employer, same role",Male
2023,12/20/2022 1:17:55,184000.0,United States,Full time employee,Architect,Yes,19,2 (I worked at another similar position elsewhere before this one),,300K-1M (large city),Private business,"Stay with the same employer,  but change roles",Female
2023,12/19/2022 20:02:29,191500.0,United States,Full time employee,Engineer,Yes,15,2 (I worked at another similar position elsewhere before this one),,1M+ (metropolis),Private business,"Stay with the same employer, same role",Male
2023,12/19/2022 11:47:32,145000.0,United States,Full time employee,"DBA (Production Focus - build & troubleshoot servers, HA/DR)",No,4,4,4.0,1M+ (metropolis),Private business,"Stay with the same employer, same role",Male
2023,12/19/2022 10:00:03,150000.0,United States,Full time employee,DBA (General - splits time evenly between writing & tuning queries AND building & troubleshooting servers),No,10,5,1.0,300K-1M (large city),Private business,"Stay with the same role, but change employers",Male
2023,12/19/2022 8:43:20,135000.0,United States,Full time employee,DBA (General - splits time evenly between writing & tuning queries AND building & troubleshooting servers),No,10,2 (I worked at another similar position elsewhere before this one),2.0,1M+ (metropolis),Private business,"Stay with the same employer, same role",Male
2023,12/19/2022 7:19:10,60000.0,United States,Full time employee,DBA (General - splits time evenly between writing & tuning queries AND building & troubleshooting servers),No,1,1 (this is the only company where I've had this kind of position),,20K-99K (large town),Private business,"Stay with the same employer, same role",Male
2023,12/18/2022 17:05:49,125000.0,United States,Full time employee,Developer: T-SQL,No,22,4,2.0,1M+ (metropolis),Private business,"Stay with the same employer, same role",Male
2023,12/18/2022 7:31:34,160000.0,United States,Full time employee,Architect,No,11,3,1.0,1M+ (metropolis),Private business,"Stay with the same role, but change employers",Male
2023,12/18/2022 6:45:17,122000.0,United States,Full time employee,DBA (General - splits time evenly between writing & tuning queries AND building & troubleshooting servers),No,11,3,,300K-1M (large city),Private business,"Stay with the same role, but change employers",Male
2023,12/17/2022 19:02:49,151000.0,United States,"Independent consultant, contractor, freelancer,  or company owner",Engineer,No,8,3,4.0,300K-1M (large city),Private business,"Stay with the same employer, same role",Male
2023,12/17/2022 14:58:59,150000.0,United States,Full time employee,Engineer,No,8,4,,300K-1M (large city),Private business,"Stay with the same employer, same role",Male
2023,12/17/2022 11:22:10,120000.0,United States,Full time employee of a consulting/contracting company,"DBA (Development Focus - tunes queries, indexes, does deployments)",No,13,2 (I worked at another similar position elsewhere before this one),,"<= 20,000 (town)",Private business,"Stay with the same employer, same role",Male
2023,12/17/2022 10:19:03,105000.0,United States,Full time employee,Developer: T-SQL,No,3,2 (I worked at another similar position elsewhere before this one),,300K-1M (large city),Private business,"Stay with the same employer, same role",Male
2023,12/17/2022 10:06:59,190000.0,United States,Full time employee,"DBA (Production Focus - build & troubleshoot servers, HA/DR)",No,20,3,1.0,1M+ (metropolis),Private business,"Stay with the same employer,  but change roles",Male
2023,12/17/2022 9:40:02,153000.0,United States,Full time employee,Engineer,No,20,3,1.0,1M+ (metropolis),Private business,"Stay with the same employer, same role",Male
2023,12/17/2022 8:08:35,191000.0,United States,Full time employee,Manager,Yes,3,1 (this is the only company where I've had this kind of position),,100K-299K (city),Private business,"Stay with the same employer, same role",Male
2023,12/17/2022 6:59:43,100000.0,United States,Full time employee of a consulting/contracting company,DBA (General - splits time evenly between writing & tuning queries AND building & troubleshooting servers),No,17,3,3.0,300K-1M (large city),Private business,"Stay with the same employer, same role",Male
2023,12/17/2022 6:39:52,145000.0,United States,Full time employee,"DBA (Development Focus - tunes queries, indexes, does deployments)",No,3,4,2.0,1M+ (metropolis),Private business,"Stay with the same employer,  but change roles",Male
2023,12/16/2022 19:04:56,147000.0,United States,Full time employee,Manager,Yes,16,5,3.0,100K-299K (city),Private business,Change both employers and roles,Male
2023,12/16/2022 18:16:55,234000.0,United States,Full time employee,Other,Yes,10,2 (I worked at another similar position elsewhere before this one),,100K-299K (city),Private business,"Stay with the same employer, same role",Male
2023,12/16/2022 17:45:51,201000.0,United States,Full time employee,Manager,Yes,20,4,,300K-1M (large city),Private business,"Stay with the same employer, same role",Male
2023,12/16/2022 17:29:02,200000.0,United States,Full time employee,Manager,Yes,12,1 (this is the only company where I've had this kind of position),1.0,1M+ (metropolis),Private business,"Stay with the same employer,  but change roles",Male
2023,12/16/2022 16:21:04,88000.0,United States,Full time employee,Developer: T-SQL,No,5,3,4.0,100K-299K (city),Private business,"Stay with the same role, but change employers",Male
2023,12/16/2022 14:14:05,180000.0,United States,Full time employee of a consulting/contracting company,DBA (General - splits time evenly between writing & tuning queries AND building & troubleshooting servers),No,20,4,,1M+ (metropolis),Private business,"Stay with the same employer, same role",Male
2023,12/16/2022 14:07:54,185000.0,United States,Full time employee,Architect,Yes,1,2 (I worked at another similar position elsewhere before this one),,1M+ (metropolis),Private business,"Stay with the same employer, same role",Male
2023,12/16/2022 13:45:27,130000.0,United States,Full time employee,DBA (General - splits time evenly between writing & tuning queries AND building & troubleshooting servers),No,30,4,3.0,300K-1M (large city),Private business,"Stay with the same employer,  but change roles",Male
2023,12/16/2022 13:28:45,143000.0,United States,Full time employee,Architect,Yes,10,3,,1M+ (metropolis),Private business,"Stay with the same employer, same role",Male
2023,12/16/2022 12:22:25,118800.0,United States,Full time employee,Developer: T-SQL,No,10,3,,300K-1M (large city),Private business,"Stay with the same employer,  but change roles",Male
2023,12/16/2022 12:20:56,160000.0,United States,Full time employee,Architect,No,1,4,,300K-1M (large city),Private business,"Stay with the same employer, same role",Male
2023,12/16/2022 12:20:54,130000.0,United States,Full time employee,DBA (General - splits time evenly between writing & tuning queries AND building & troubleshooting servers),No,25,3,3.0,300K-1M (large city),Private business,"Stay with the same employer, same role",Male
2023,12/16/2022 12:18:07,160000.0,United States,Full time employee,Engineer,No,25,6 or more,2.0,100K-299K (city),Private business,"Stay with the same employer, same role",Male
2023,12/16/2022 12:02:52,110000.0,United States,Full time employee,DBA (General - splits time evenly between writing & tuning queries AND building & troubleshooting servers),No,8,2 (I worked at another similar position elsewhere before this one),1.0,300K-1M (large city),Private business,"Stay with the same employer, same role",Male
2023,12/16/2022 11:23:10,115000.0,United States,Full time employee,Developer: T-SQL,No,10,4,,1M+ (metropolis),Private business,"Stay with the same employer, same role",Male
2023,12/16/2022 11:07:03,10000.0,United States,Full time employee,Developer: T-SQL,No,6,1 (this is the only company where I've had this kind of position),2.0,100K-299K (city),Private business,"Stay with the same role, but change employers",Male
2023,12/16/2022 10:37:06,135980.0,United States,Full time employee,Engineer,No,25,2 (I worked at another similar position elsewhere before this one),,1M+ (metropolis),Private business,"Stay with the same employer, same role",Female
2023,12/14/2022 21:18:15,137800.0,United States,Full time employee,DBA (General - splits time evenly between writing & tuning queries AND building & troubleshooting servers),No,13,2 (I worked at another similar position elsewhere before this one),,1M+ (metropolis),Private business,Prefer not to say,Female
2023,12/12/2022 9:40:35,160000.0,United States,Full time employee,"DBA (Production Focus - build & troubleshoot servers, HA/DR)",No,15,3,,1M+ (metropolis),Private business,"Stay with the same employer, same role",Male
2023,12/10/2022 15:41:05,170000.0,United States,Full time employee,Manager,Yes,23,2 (I worked at another similar position elsewhere before this one),,1M+ (metropolis),Private business,"Stay with the same employer, same role",Male
2023,12/9/2022 12:05:51,140000.0,United States,Full time employee,Manager,Yes,12,1 (this is the only company where I've had this kind of position),,300K-1M (large city),Private business,Change both employers and roles,Male
2023,12/9/2022 11:43:47,150000.0,United States,Full time employee,Manager,Yes,5,2 (I worked at another similar position elsewhere before this one),,20K-99K (large town),Private business,"Stay with the same employer, same role",Male
2023,12/9/2022 10:46:18,89000.0,United States,Full time employee,"DBA (Production Focus - build & troubleshoot servers, HA/DR)",No,16,2 (I worked at another similar position elsewhere before this one),2.0,300K-1M (large city),Private business,Change both employers and roles,Male
2023,12/8/2022 14:56:45,103000.0,United States,Full time employee,Developer: T-SQL,No,5,1 (this is the only company where I've had this kind of position),3.0,300K-1M (large city),Private business,"Stay with the same employer, same role",Male
2023,12/8/2022 12:50:41,105000.0,United States,Full time employee,Analyst,No,3,1 (this is the only company where I've had this kind of position),,300K-1M (large city),Private business,"Stay with the same employer, same role",Female
2023,12/8/2022 11:52:09,91000.0,United States,Full time employee,"DBA (Production Focus - build & troubleshoot servers, HA/DR)",No,11,3,1.0,300K-1M (large city),Private business,Prefer not to say,Male
2023,12/8/2022 10:25:47,181000.0,United States,Full time employee of a consulting/contracting company,"DBA (Production Focus - build & troubleshoot servers, HA/DR)",No,14,4,2.0,1M+ (metropolis),Private business,"Stay with the same employer, same role",Male
2023,12/7/2022 13:03:16,120000.0,United States,Full time employee,Engineer,No,5,2 (I worked at another similar position elsewhere before this one),4.0,300K-1M (large city),Private business,"Stay with the same role, but change employers",Male
2023,12/7/2022 11:07:02,155000.0,United States,Full time employee,Analyst,No,25,6 or more,,300K-1M (large city),Private business,"Stay with the same employer, same role",Male
2023,12/7/2022 9:40:10,101000.0,United States,Full time employee,Engineer,No,3,2 (I worked at another similar position elsewhere before this one),2.0,300K-1M (large city),Private business,"Stay with the same employer, same role",Male
2023,12/6/2022 18:35:49,161975.0,United States,Full time employee,DBA (General - splits time evenly between writing & tuning queries AND building & troubleshooting servers),Yes,19,1 (this is the only company where I've had this kind of position),4.0,1M+ (metropolis),Private business,Prefer not to say,Male
2023,12/6/2022 11:05:46,107000.0,United States,Full time employee,"Developer: App code (C#, JS, etc)",No,15,2 (I worked at another similar position elsewhere before this one),4.0,100K-299K (city),Private business,Prefer not to say,Female
2023,12/6/2022 7:07:40,261000.0,United States,Full time employee,Engineer,No,15,2 (I worked at another similar position elsewhere before this one),1.0,100K-299K (city),Private business,"Stay with the same employer,  but change roles",Male
2023,12/6/2022 5:10:04,70000.0,United States,Full time employee,Analyst,No,1,1 (this is the only company where I've had this kind of position),,100K-299K (city),Private business,"Stay with the same employer,  but change roles",Female
2023,12/6/2022 4:56:49,93000.0,United States,Full time employee,DBA (General - splits time evenly between writing & tuning queries AND building & troubleshooting servers),No,12,1 (this is the only company where I've had this kind of position),1.0,20K-99K (large town),Private business,"Stay with the same employer, same role",Male
2023,12/5/2022 19:44:13,123000.0,United States,Full time employee,Architect,No,12,3,1.0,1M+ (metropolis),Private business,"Stay with the same employer, same role",Male
2023,12/5/2022 19:12:30,154000.0,United States,Full time employee,Manager,Yes,1,1 (this is the only company where I've had this kind of position),,1M+ (metropolis),Private business,"Stay with the same employer, same role",Male
2023,12/5/2022 17:47:21,115000.0,United States,Full time employee,Developer: T-SQL,No,4,3,4.0,1M+ (metropolis),Private business,"Stay with the same employer, same role",Male
2023,12/5/2022 13:14:29,123000.0,United States,Full time employee,Developer: T-SQL,No,13,2 (I worked at another similar position elsewhere before this one),,300K-1M (large city),Private business,"Stay with the same employer, same role",Male
2023,12/5/2022 8:01:57,130000.0,United States,Full time employee,Other,Yes,15,3,,1M+ (metropolis),Private business,"Stay with the same employer, same role",Male
2023,12/5/2022 7:23:48,165000.0,United States,Full time employee,Engineer,No,6,2 (I worked at another similar position elsewhere before this one),,1M+ (metropolis),Private business,Change both employers and roles,Male
2023,12/3/2022 16:25:15,110000.0,United States,Full time employee,Developer: T-SQL,No,21,4,2.0,1M+ (metropolis),Private business,"Stay with the same role, but change employers",Male
2023,12/3/2022 12:08:59,93000.0,United States,Full time employee,DBA (General - splits time evenly between writing & tuning queries AND building & troubleshooting servers),No,11,2 (I worked at another similar position elsewhere before this one),4.0,100K-299K (city),Private business,"Stay with the same employer, same role",Male
2023,12/3/2022 10:40:21,115000.0,United States,Full time employee,"DBA (Production Focus - build & troubleshoot servers, HA/DR)",No,5,3,1.0,100K-299K (city),Private business,"Stay with the same role, but change employers",Male
2023,12/3/2022 9:14:20,140000.0,United States,Full time employee,DBA (General - splits time evenly between writing & tuning queries AND building & troubleshooting servers),Yes,15,4,2.0,300K-1M (large city),Private business,"Stay with the same role, but change employers",Male
2023,12/3/2022 7:42:49,137500.0,United States,Full time employee,Manager,Yes,19,5,1.0,1M+ (metropolis),Private business,"Stay with the same employer, same role",Female
2023,12/3/2022 5:31:18,125000.0,United States,Full time employee,DBA (General - splits time evenly between writing & tuning queries AND building & troubleshooting servers),No,6,1 (this is the only company where I've had this kind of position),,20K-99K (large town),Private business,"Stay with the same role, but change employers",Male
2023,12/2/2022 19:11:56,275000.0,United States,Full time employee,Other,Yes,10,2 (I worked at another similar position elsewhere before this one),,1M+ (metropolis),Private business,"Stay with the same employer,  but change roles",Male
2023,12/2/2022 12:44:05,91000.0,United States,Full time employee,"DBA (Production Focus - build & troubleshoot servers, HA/DR)",No,5,2 (I worked at another similar position elsewhere before this one),,"<= 20,000 (town)",Private business,"Stay with the same employer, same role",Male
2023,12/2/2022 6:00:20,130000.0,United States,Full time employee,Engineer,No,9,5,5.0,300K-1M (large city),Private business,"Stay with the same employer,  but change roles",Male
2023,12/1/2022 19:25:33,125000.0,United States,Full time employee,DBA (General - splits time evenly between writing & tuning queries AND building & troubleshooting servers),Yes,8,1 (this is the only company where I've had this kind of position),1.0,1M+ (metropolis),Private business,"Stay with the same employer, same role",Male
2023,12/1/2022 14:10:00,139500.0,United States,Full time employee,Manager,Yes,17,2 (I worked at another similar position elsewhere before this one),,100K-299K (city),Private business,"Stay with the same employer, same role",Male
2023,12/1/2022 12:50:05,110000.0,United States,Full time employee,DBA (General - splits time evenly between writing & tuning queries AND building & troubleshooting servers),No,14,3,5.0,20K-99K (large town),Private business,"Stay with the same employer, same role",Male
2023,12/1/2022 8:37:42,150000.0,United States,Full time employee,"DBA (Production Focus - build & troubleshoot servers, HA/DR)",No,9,3,,20K-99K (large town),Private business,"Stay with the same employer, same role",Female
2023,12/1/2022 7:15:18,93000.0,United States,Full time employee,DBA (General - splits time evenly between writing & tuning queries AND building & troubleshooting servers),No,4,1 (this is the only company where I've had this kind of position),3.0,1M+ (metropolis),Private business,"Stay with the same employer, same role",Male
2023,12/1/2022 6:07:12,126000.0,United States,Full time employee,Manager,Yes,3,1 (this is the only company where I've had this kind of position),1.0,300K-1M (large city),Private business,Prefer not to say,Male
2023,11/30/2022 21:42:23,137000.0,United States,Full time employee,Developer: T-SQL,Yes,10,1 (this is the only company where I've had this kind of position),,300K-1M (large city),Private business,"Stay with the same employer, same role",Male
2023,11/30/2022 11:12:29,220000.0,United States,Full time employee,Architect,No,10,2 (I worked at another similar position elsewhere before this one),,1M+ (metropolis),Private business,Prefer not to say,Male
2023,11/30/2022 11:04:33,130000.0,United States,Full time employee,Architect,No,10,1 (this is the only company where I've had this kind of position),,20K-99K (large town),Private business,Prefer not to say,Male
2023,11/29/2022 18:26:53,130000.0,United States,Full time employee,DBA (General - splits time evenly between writing & tuning queries AND building & troubleshooting servers),Yes,20,2 (I worked at another similar position elsewhere before this one),1.0,1M+ (metropolis),Private business,Prefer not to say,Male
2023,11/29/2022 17:51:04,116000.0,United States,Full time employee,"DBA (Production Focus - build & troubleshoot servers, HA/DR)",No,8,2 (I worked at another similar position elsewhere before this one),5.0,1M+ (metropolis),Private business,Change both employers and roles,Male
2023,11/29/2022 16:57:12,125000.0,United States,Full time employee,Developer: T-SQL,No,2,5,,300K-1M (large city),Private business,"Stay with the same employer, same role",Female
2023,11/29/2022 14:40:55,145000.0,United States,Full time employee,"DBA (Production Focus - build & troubleshoot servers, HA/DR)",No,15,2 (I worked at another similar position elsewhere before this one),2.0,300K-1M (large city),Private business,"Stay with the same employer, same role",Male
2023,11/29/2022 12:12:24,132900.0,United States,Full time employee,Developer: T-SQL,No,21,2 (I worked at another similar position elsewhere before this one),2.0,300K-1M (large city),Private business,"Stay with the same employer,  but change roles",Female
2023,11/29/2022 9:54:42,121000.0,United States,Full time employee of a consulting/contracting company,Developer: T-SQL,No,10,4,,300K-1M (large city),Private business,"Stay with the same role, but change employers",Female
2023,11/29/2022 9:01:21,88000.0,United States,Full time employee,Analyst,No,21,1 (this is the only company where I've had this kind of position),,300K-1M (large city),Private business,"Stay with the same employer, same role",Female
2023,11/29/2022 8:40:15,118000.0,United States,Full time employee,Engineer,No,13,1 (this is the only company where I've had this kind of position),,300K-1M (large city),Private business,"Stay with the same employer, same role",Male
2023,11/29/2022 5:52:20,135000.0,United States,Full time employee,Manager,Yes,2,1 (this is the only company where I've had this kind of position),1.0,300K-1M (large city),Private business,Change both employers and roles,Male
2023,11/29/2022 4:36:15,107500.0,United States,Full time employee,"DBA (Production Focus - build & troubleshoot servers, HA/DR)",No,16,1 (this is the only company where I've had this kind of position),,20K-99K (large town),Private business,"Stay with the same employer, same role",Male
2023,11/28/2022 19:55:21,185000.0,United States,Full time employee,"DBA (Production Focus - build & troubleshoot servers, HA/DR)",No,2,6 or more,,1M+ (metropolis),Private business,"Stay with the same employer, same role",Male
2023,11/28/2022 19:28:17,69200.0,United States,Full time employee,Analyst,No,3,1 (this is the only company where I've had this kind of position),,1M+ (metropolis),Private business,"Stay with the same employer, same role",Male
2023,11/28/2022 18:28:14,105000.0,United States,Full time employee,Engineer,No,6,2 (I worked at another similar position elsewhere before this one),1.0,20K-99K (large town),Private business,"Stay with the same employer, same role",Male
2023,11/28/2022 15:58:01,64000.0,United States,Full time employee,Developer: T-SQL,No,2,1 (this is the only company where I've had this kind of position),,300K-1M (large city),Private business,Prefer not to say,Male
2023,11/28/2022 14:36:54,120000.0,United States,Full time employee,"DBA (Development Focus - tunes queries, indexes, does deployments)",No,15,3,,1M+ (metropolis),Private business,Change both employers and roles,Male
2023,11/28/2022 14:27:27,121000.0,United States,Full time employee,DBA (General - splits time evenly between writing & tuning queries AND building & troubleshooting servers),No,7,1 (this is the only company where I've had this kind of position),,1M+ (metropolis),Private business,"Stay with the same employer, same role",Male
2023,11/28/2022 13:50:42,125000.0,United States,Full time employee,Architect,No,25,6 or more,,1M+ (metropolis),Private business,Prefer not to say,Male
2023,11/28/2022 13:06:52,90000.0,United States,Full time employee,"DBA (Production Focus - build & troubleshoot servers, HA/DR)",Yes,10,3,,1M+ (metropolis),Private business,"Stay with the same employer, same role",Male
2023,11/28/2022 13:05:04,131000.0,United States,Full time employee,"DBA (Development Focus - tunes queries, indexes, does deployments)",Yes,10,1 (this is the only company where I've had this kind of position),1.0,1M+ (metropolis),Private business,"Stay with the same role, but change employers",Male
2023,11/28/2022 13:04:06,140000.0,United States,Full time employee,"DBA (Development Focus - tunes queries, indexes, does deployments)",Yes,21,2 (I worked at another similar position elsewhere before this one),1.0,1M+ (metropolis),Private business,"Stay with the same employer, same role",Female
2023,11/28/2022 12:48:21,160000.0,United States,"Independent consultant, contractor, freelancer,  or company owner",Architect,Yes,26,6 or more,,300K-1M (large city),Private business,"Stay with the same employer, same role",Male
2023,11/28/2022 11:59:28,170000.0,United States,Full time employee,DBA (General - splits time evenly between writing & tuning queries AND building & troubleshooting servers),No,25,2 (I worked at another similar position elsewhere before this one),4.0,300K-1M (large city),Private business,"Stay with the same employer, same role",Male
2023,11/28/2022 11:57:10,150000.0,United States,Full time employee,Manager,Yes,6,1 (this is the only company where I've had this kind of position),,300K-1M (large city),Private business,"Stay with the same employer, same role",Male
2023,11/28/2022 11:36:35,140000.0,United States,Full time employee,Developer: T-SQL,Yes,15,4,,1M+ (metropolis),Private business,"Stay with the same employer, same role",Male
2023,11/28/2022 11:33:56,88940.0,United States,Full time employee,Manager,Yes,7,2 (I worked at another similar position elsewhere before this one),,20K-99K (large town),Private business,"Stay with the same employer,  but change roles",Male
2023,11/28/2022 11:32:12,140000.0,United States,Full time employee,Developer: T-SQL,No,14,4,2.0,300K-1M (large city),Private business,"Stay with the same employer, same role",Male
2023,11/28/2022 11:28:40,120000.0,United States,Full time employee,DBA (General - splits time evenly between writing & tuning queries AND building & troubleshooting servers),No,10,5,4.0,1M+ (metropolis),Private business,"Stay with the same employer, same role",Male
2023,11/28/2022 11:13:30,134000.0,United States,Full time employee,"Developer: App code (C#, JS, etc)",No,30,6 or more,,1M+ (metropolis),Private business,"Stay with the same employer, same role",Male
2023,11/28/2022 10:52:41,115000.0,United States,Full time employee,Developer: T-SQL,No,20,3,1.0,300K-1M (large city),Private business,"Stay with the same employer, same role",Male
2023,11/28/2022 10:18:32,110000.0,United States,Full time employee,Analyst,No,14,3,2.0,100K-299K (city),Private business,"Stay with the same employer, same role",Male
2023,11/28/2022 10:10:49,110000.0,United States,Full time employee,DBA (General - splits time evenly between writing & tuning queries AND building & troubleshooting servers),No,8,2 (I worked at another similar position elsewhere before this one),,100K-299K (city),Private business,"Stay with the same employer, same role",Male
2023,11/28/2022 10:05:31,131000.0,United States,Full time employee,Architect,No,6,1 (this is the only company where I've had this kind of position),,1M+ (metropolis),Private business,"Stay with the same role, but change employers",Male
2023,11/28/2022 10:04:43,150000.0,United States,Full time employee,DBA (General - splits time evenly between writing & tuning queries AND building & troubleshooting servers),No,20,6 or more,2.0,100K-299K (city),Private business,"Stay with the same employer, same role",Male
2023,11/28/2022 9:54:29,95942.0,United States,Full time employee,DBA (General - splits time evenly between writing & tuning queries AND building & troubleshooting servers),No,2,1 (this is the only company where I've had this kind of position),1.0,"<= 20,000 (town)",Private business,"Stay with the same employer,  but change roles",Male
2023,11/28/2022 8:55:27,135000.0,United States,Full time employee,Engineer,No,3,1 (this is the only company where I've had this kind of position),,300K-1M (large city),Private business,"Stay with the same employer, same role",Female
2023,11/28/2022 8:36:56,115000.0,United States,Full time employee,"DBA (Production Focus - build & troubleshoot servers, HA/DR)",No,3,1 (this is the only company where I've had this kind of position),4.0,100K-299K (city),Private business,"Stay with the same employer, same role",Male
2023,11/28/2022 8:27:10,141000.0,United States,Full time employee,Manager,Yes,15,3,1.0,300K-1M (large city),Private business,"Stay with the same employer, same role",Male
2023,11/28/2022 8:26:13,97000.0,United States,Full time employee of a consulting/contracting company,Engineer,Yes,2,1 (this is the only company where I've had this kind of position),,1M+ (metropolis),Private business,"Stay with the same employer,  but change roles",Male
2023,11/28/2022 8:12:15,65000.0,United States,Full time employee,"DBA (Production Focus - build & troubleshoot servers, HA/DR)",No,10,2 (I worked at another similar position elsewhere before this one),5.0,100K-299K (city),Private business,"Stay with the same employer, same role",Female
2023,11/28/2022 7:53:17,103000.0,United States,Full time employee,"DBA (Development Focus - tunes queries, indexes, does deployments)",No,10,4,,300K-1M (large city),Private business,"Stay with the same employer, same role",Male
2023,11/28/2022 7:46:02,113000.0,United States,Full time employee,"DBA (Production Focus - build & troubleshoot servers, HA/DR)",No,10,2 (I worked at another similar position elsewhere before this one),5.0,100K-299K (city),Private business,"Stay with the same role, but change employers",Male
2023,11/28/2022 7:41:48,131650.0,United States,Full time employee,DBA (General - splits time evenly between writing & tuning queries AND building & troubleshooting servers),No,12,3,,300K-1M (large city),Private business,"Stay with the same employer, same role",Male
2023,11/28/2022 7:24:54,88862.0,United States,Full time employee,Data Scientist,No,2,1 (this is the only company where I've had this kind of position),5.0,100K-299K (city),Private business,"Stay with the same employer,  but change roles",Male
2023,11/28/2022 7:24:26,89492.0,United States,Full time employee,DBA (General - splits time evenly between writing & tuning queries AND building & troubleshooting servers),No,11,2 (I worked at another similar position elsewhere before this one),,300K-1M (large city),Private business,"Stay with the same employer, same role",Male
2023,11/28/2022 7:15:22,148000.0,United States,Full time employee,"DBA (Production Focus - build & troubleshoot servers, HA/DR)",No,2,4,,300K-1M (large city),Private business,"Stay with the same employer, same role",Male
2023,11/28/2022 7:13:59,141236.0,United States,Full time employee,DBA (General - splits time evenly between writing & tuning queries AND building & troubleshooting servers),No,5,5,3.0,300K-1M (large city),Private business,"Stay with the same employer, same role",Male
2023,11/28/2022 7:09:27,74000.0,United States,Full time employee,"Developer: Business Intelligence (SSRS, PowerBI, etc)",No,4,1 (this is the only company where I've had this kind of position),3.0,300K-1M (large city),Private business,Prefer not to say,Male
2023,11/28/2022 6:50:10,185000.0,United States,Full time employee,Architect,No,13,2 (I worked at another similar position elsewhere before this one),,1M+ (metropolis),Private business,"Stay with the same employer, same role",Male
2023,11/28/2022 6:39:18,155000.0,United States,Full time employee,"Developer: App code (C#, JS, etc)",No,15,3,,300K-1M (large city),Private business,"Stay with the same employer, same role",Female
2023,11/28/2022 6:30:51,110000.0,United States,Full time employee,DBA (General - splits time evenly between writing & tuning queries AND building & troubleshooting servers),No,4,6 or more,2.0,20K-99K (large town),Private business,"Stay with the same employer, same role",Male
2023,11/28/2022 6:28:28,161000.0,United States,Full time employee,"DBA (Development Focus - tunes queries, indexes, does deployments)",No,17,6 or more,,300K-1M (large city),Private business,"Stay with the same role, but change employers",Male
2023,11/28/2022 6:27:58,170000.0,United States,Full time employee,Manager,Yes,10,2 (I worked at another similar position elsewhere before this one),3.0,300K-1M (large city),Private business,Prefer not to say,Male
2023,11/28/2022 6:22:00,150000.0,United States,Full time employee,DBA (General - splits time evenly between writing & tuning queries AND building & troubleshooting servers),Yes,12,3,,300K-1M (large city),Private business,"Stay with the same employer, same role",Male
2023,11/28/2022 6:20:30,79000.0,United States,Full time employee,"Developer: Business Intelligence (SSRS, PowerBI, etc)",No,4,1 (this is the only company where I've had this kind of position),,300K-1M (large city),Private business,"Stay with the same role, but change employers",Male
2023,11/28/2022 5:59:36,144900.0,United States,Full time employee,DBA (General - splits time evenly between writing & tuning queries AND building & troubleshooting servers),No,8,5,2.0,300K-1M (large city),Private business,"Stay with the same employer,  but change roles",Male
2023,11/28/2022 5:58:14,350000.0,United States,"Independent consultant, contractor, freelancer,  or company owner","DBA (Production Focus - build & troubleshoot servers, HA/DR)",No,22,6 or more,,1M+ (metropolis),Private business,Change both employers and roles,Female
2023,11/28/2022 5:52:48,105000.0,United States,Full time employee of a consulting/contracting company,DBA (General - splits time evenly between writing & tuning queries AND building & troubleshooting servers),No,9,1 (this is the only company where I've had this kind of position),,300K-1M (large city),Private business,"Stay with the same employer, same role",Male
2023,11/28/2022 5:50:44,220000.0,United States,Full time employee,"Developer: App code (C#, JS, etc)",Yes,7,2 (I worked at another similar position elsewhere before this one),2.0,100K-299K (city),Private business,"Stay with the same role, but change employers",Male
2023,11/28/2022 5:48:10,160000.0,United States,Full time employee,DBA (General - splits time evenly between writing & tuning queries AND building & troubleshooting servers),No,2,1 (this is the only company where I've had this kind of position),,300K-1M (large city),Private business,"Stay with the same employer, same role",Male
2023,11/28/2022 5:33:23,130000.0,United States,Full time employee,DBA (General - splits time evenly between writing & tuning queries AND building & troubleshooting servers),Yes,10,2 (I worked at another similar position elsewhere before this one),,300K-1M (large city),Private business,"Stay with the same employer, same role",Male
2023,11/28/2022 5:33:17,115000.0,United States,Full time employee,DBA (General - splits time evenly between writing & tuning queries AND building & troubleshooting servers),No,6,1 (this is the only company where I've had this kind of position),,100K-299K (city),Private business,"Stay with the same employer,  but change roles",Female
2023,11/28/2022 5:28:54,98000.0,United States,Full time employee,"DBA (Production Focus - build & troubleshoot servers, HA/DR)",No,6,1 (this is the only company where I've had this kind of position),,1M+ (metropolis),Private business,"Stay with the same employer, same role",Male
2023,11/28/2022 5:27:27,180000.0,United States,Full time employee,Architect,Yes,15,5,,1M+ (metropolis),Private business,"Stay with the same employer, same role",Male
2023,11/27/2022 5:50:17,120000.0,United States,Full time employee,"DBA (Production Focus - build & troubleshoot servers, HA/DR)",No,10,5,5.0,1M+ (metropolis),Private business,"Stay with the same role, but change employers",Male
2023,11/27/2022 5:37:21,185000.0,United States,Full time employee,"DBA (Production Focus - build & troubleshoot servers, HA/DR)",No,10,2 (I worked at another similar position elsewhere before this one),,1M+ (metropolis),Private business,"Stay with the same employer, same role",Male
2023,11/26/2022 16:33:27,77000.0,United States,Full time employee,DBA (General - splits time evenly between writing & tuning queries AND building & troubleshooting servers),No,2,1 (this is the only company where I've had this kind of position),,300K-1M (large city),Private business,"Stay with the same employer, same role",Male
2023,11/26/2022 15:16:02,345000.0,United States,"Independent consultant, contractor, freelancer,  or company owner","Developer: Business Intelligence (SSRS, PowerBI, etc)",Yes,15,6 or more,3.0,1M+ (metropolis),Private business,"Stay with the same employer, same role",Male
2023,11/26/2022 15:12:02,88200.0,United States,Full time employee of a consulting/contracting company,Developer: T-SQL,No,14,3,2.0,100K-299K (city),Private business,"Stay with the same employer, same role",Male
2023,11/26/2022 11:33:52,150000.0,United States,Full time employee,"DBA (Production Focus - build & troubleshoot servers, HA/DR)",No,25,6 or more,2.0,300K-1M (large city),Private business,Prefer not to say,Male
2023,11/26/2022 7:27:19,93000.0,United States,Full time employee,Developer: T-SQL,No,7,3,,300K-1M (large city),Private business,"Stay with the same employer, same role",Female
2023,11/25/2022 18:20:36,130000.0,United States,Full time employee,Engineer,No,7,1 (this is the only company where I've had this kind of position),1.0,100K-299K (city),Private business,"Stay with the same employer,  but change roles",Male
2023,11/25/2022 16:17:23,165000.0,United States,Full time employee,Architect,No,20,6 or more,,100K-299K (city),Private business,"Stay with the same employer, same role",Female
2023,11/25/2022 15:50:42,132000.0,United States,Full time employee,"DBA (Production Focus - build & troubleshoot servers, HA/DR)",No,20,4,,20K-99K (large town),Private business,"Stay with the same employer, same role",Female
2023,11/25/2022 14:09:49,98700.0,United States,Full time employee,DBA (General - splits time evenly between writing & tuning queries AND building & troubleshooting servers),No,16,2 (I worked at another similar position elsewhere before this one),,20K-99K (large town),Private business,"Stay with the same employer, same role",Male
2023,11/25/2022 13:52:02,116000.0,United States,Full time employee,"DBA (Development Focus - tunes queries, indexes, does deployments)",No,3,2 (I worked at another similar position elsewhere before this one),,300K-1M (large city),Private business,"Stay with the same employer, same role",Male
2023,11/25/2022 12:01:18,142000.0,United States,Full time employee,Engineer,No,20,6 or more,,1M+ (metropolis),Private business,"Stay with the same employer, same role",Female
2023,11/25/2022 9:31:55,94000.0,United States,Full time employee,DBA (General - splits time evenly between writing & tuning queries AND building & troubleshooting servers),No,4,2 (I worked at another similar position elsewhere before this one),1.0,300K-1M (large city),Private business,"Stay with the same employer, same role",Male
2023,11/25/2022 7:10:00,160000.0,United States,Full time employee,"DBA (Development Focus - tunes queries, indexes, does deployments)",Yes,14,5,2.0,1M+ (metropolis),Private business,"Stay with the same role, but change employers",Male
2023,11/25/2022 6:51:32,290000.0,United States,Full time employee,Architect,No,9,3,,300K-1M (large city),Private business,"Stay with the same employer,  but change roles",Male
2023,11/24/2022 12:29:19,135000.0,United States,Full time employee,Engineer,No,18,3,3.0,1M+ (metropolis),Private business,"Stay with the same employer, same role",Male
2023,11/24/2022 11:51:45,125000.0,United States,Full time employee,Developer: T-SQL,No,6,3,2.0,300K-1M (large city),Private business,"Stay with the same employer, same role",Male
2023,11/24/2022 11:50:52,117500.0,United States,Full time employee,"Developer: App code (C#, JS, etc)",No,34,6 or more,5.0,100K-299K (city),Private business,Change both employers and roles,Male
2023,11/24/2022 9:48:01,130000.0,United States,Full time employee,Developer: T-SQL,No,20,4,,300K-1M (large city),Private business,Prefer not to say,Male
2023,11/24/2022 9:23:07,165000.0,United States,Full time employee,Architect,No,5,3,2.0,100K-299K (city),Private business,"Stay with the same employer, same role",Male
2023,11/24/2022 8:04:55,121000.0,United States,Full time employee,Developer: T-SQL,No,7,3,,300K-1M (large city),Private business,"Stay with the same employer, same role",Male
2023,11/24/2022 7:54:49,180000.0,United States,Full time employee,Manager,Yes,8,3,1.0,300K-1M (large city),Private business,Change both employers and roles,Male
2023,11/24/2022 7:19:54,122000.0,United States,Full time employee,DBA (General - splits time evenly between writing & tuning queries AND building & troubleshooting servers),No,11,3,1.0,1M+ (metropolis),Private business,"Stay with the same role, but change employers",Male
2023,11/24/2022 7:16:35,101000.0,United States,Full time employee,Engineer,No,1,2 (I worked at another similar position elsewhere before this one),3.0,300K-1M (large city),Private business,"Stay with the same employer, same role",Male
2023,11/24/2022 6:37:41,150000.0,United States,Full time employee,"Developer: Business Intelligence (SSRS, PowerBI, etc)",No,7,3,3.0,100K-299K (city),Private business,"Stay with the same employer, same role",Female
2023,11/24/2022 6:19:27,145000.0,United States,Full time employee,DBA (General - splits time evenly between writing & tuning queries AND building & troubleshooting servers),No,32,6 or more,2.0,1M+ (metropolis),Private business,"Stay with the same employer, same role",Male
2023,11/24/2022 5:50:33,95000.0,United States,Full time employee,"DBA (Production Focus - build & troubleshoot servers, HA/DR)",No,8,2 (I worked at another similar position elsewhere before this one),4.0,1M+ (metropolis),Private business,"Stay with the same employer, same role",Male
2023,11/24/2022 5:20:18,127500.0,United States,Full time employee,DBA (General - splits time evenly between writing & tuning queries AND building & troubleshooting servers),No,5,2 (I worked at another similar position elsewhere before this one),,100K-299K (city),Private business,"Stay with the same employer, same role",Male
2023,11/23/2022 19:53:51,200000.0,United States,Full time employee,Manager,Yes,14,1 (this is the only company where I've had this kind of position),,100K-299K (city),Private business,"Stay with the same employer,  but change roles",Female
2023,11/23/2022 19:41:42,136500.0,United States,Full time employee,DBA (General - splits time evenly between writing & tuning queries AND building & troubleshooting servers),No,4,6 or more,,1M+ (metropolis),Private business,"Stay with the same employer, same role",Male
2023,11/23/2022 19:13:19,182000.0,United States,Full time employee,Architect,No,5,5,,1M+ (metropolis),Private business,"Stay with the same employer, same role",Male
2023,11/23/2022 18:44:13,125000.0,United States,Full time employee of a consulting/contracting company,DBA (General - splits time evenly between writing & tuning queries AND building & troubleshooting servers),No,26,6 or more,,300K-1M (large city),Private business,"Stay with the same employer, same role",Female
2023,11/23/2022 17:12:56,159000.0,United States,Full time employee of a consulting/contracting company,Architect,No,22,1 (this is the only company where I've had this kind of position),,100K-299K (city),Private business,Change both employers and roles,Female
2023,11/23/2022 17:03:21,65000.0,United States,Full time employee,DBA (General - splits time evenly between writing & tuning queries AND building & troubleshooting servers),No,1,1 (this is the only company where I've had this kind of position),1.0,300K-1M (large city),Private business,"Stay with the same employer, same role",Female
2023,11/23/2022 16:30:33,143608.0,United States,Full time employee,Engineer,No,25,3,3.0,300K-1M (large city),Private business,"Stay with the same employer, same role",Female
2023,11/23/2022 16:14:58,170000.0,United States,Full time employee,Engineer,No,10,1 (this is the only company where I've had this kind of position),1.0,300K-1M (large city),Private business,"Stay with the same employer, same role",Male
2023,11/23/2022 15:29:57,100000.0,United States,Full time employee,"DBA (Production Focus - build & troubleshoot servers, HA/DR)",No,30,6 or more,3.0,1M+ (metropolis),Private business,Prefer not to say,Male
2023,11/23/2022 15:29:30,165000.0,United States,Full time employee,"DBA (Production Focus - build & troubleshoot servers, HA/DR)",Yes,18,5,2.0,1M+ (metropolis),Private business,"Stay with the same employer, same role",Male
2023,11/23/2022 14:50:09,60000.0,United States,Full time employee,Developer: T-SQL,No,2,1 (this is the only company where I've had this kind of position),,100K-299K (city),Private business,"Stay with the same employer, same role",Male
2023,11/23/2022 14:34:14,110000.0,United States,Full time employee,DBA (General - splits time evenly between writing & tuning queries AND building & troubleshooting servers),No,13,5,1.0,100K-299K (city),Private business,"Stay with the same employer, same role",Male
2023,11/23/2022 13:51:07,90000.0,United States,Full time employee,"Developer: Business Intelligence (SSRS, PowerBI, etc)",No,6,2 (I worked at another similar position elsewhere before this one),3.0,1M+ (metropolis),Private business,"Stay with the same role, but change employers",Male
2023,11/23/2022 12:18:03,145000.0,United States,Full time employee,"DBA (Development Focus - tunes queries, indexes, does deployments)",Yes,9,1 (this is the only company where I've had this kind of position),2.0,1M+ (metropolis),Private business,"Stay with the same employer, same role",Male
2023,11/23/2022 12:11:50,163000.0,United States,Full time employee,"DBA (Production Focus - build & troubleshoot servers, HA/DR)",No,15,4,1.0,1M+ (metropolis),Private business,Prefer not to say,Male
2023,11/23/2022 12:00:49,130000.0,United States,"Independent consultant, contractor, freelancer,  or company owner","DBA (Development Focus - tunes queries, indexes, does deployments)",No,22,6 or more,,1M+ (metropolis),Private business,Change both employers and roles,Male
2023,11/23/2022 10:41:58,193000.0,United States,Full time employee,"Developer: Business Intelligence (SSRS, PowerBI, etc)",No,15,3,1.0,300K-1M (large city),Private business,"Stay with the same employer,  but change roles",Male
2023,11/23/2022 10:30:00,135000.0,United States,Full time employee,DBA (General - splits time evenly between writing & tuning queries AND building & troubleshooting servers),No,23,3,1.0,300K-1M (large city),Private business,"Stay with the same employer, same role",Male
2023,11/23/2022 10:08:42,95000.0,United States,Full time employee,DBA (General - splits time evenly between writing & tuning queries AND building & troubleshooting servers),No,5,2 (I worked at another similar position elsewhere before this one),,20K-99K (large town),Private business,"Stay with the same employer, same role",Male
2023,11/23/2022 10:07:55,205000.0,United States,Full time employee,Analyst,No,6,2 (I worked at another similar position elsewhere before this one),3.0,1M+ (metropolis),Private business,"Stay with the same role, but change employers",Male
2023,11/23/2022 9:43:51,158000.0,United States,Full time employee,Manager,Yes,20,3,1.0,300K-1M (large city),Private business,"Stay with the same employer, same role",Male
2023,11/23/2022 9:36:05,230000.0,United States,Full time employee,Engineer,No,25,5,,300K-1M (large city),Private business,"Stay with the same employer,  but change roles",Male
2023,11/23/2022 9:01:23,108000.0,United States,Full time employee,"DBA (Production Focus - build & troubleshoot servers, HA/DR)",No,12,1 (this is the only company where I've had this kind of position),1.0,1M+ (metropolis),Private business,"Stay with the same role, but change employers",Female
2023,11/23/2022 8:52:14,90000.0,United States,Full time employee,Analyst,No,3,1 (this is the only company where I've had this kind of position),1.0,300K-1M (large city),Private business,"Stay with the same employer, same role",Male
2023,11/23/2022 8:44:52,170000.0,United States,Full time employee,Engineer,No,12,3,1.0,300K-1M (large city),Private business,"Stay with the same employer, same role",Male
2023,11/23/2022 8:30:11,100000.0,United States,Full time employee of a consulting/contracting company,DBA (General - splits time evenly between writing & tuning queries AND building & troubleshooting servers),No,35,5,,1M+ (metropolis),Private business,Change both employers and roles,Male
2023,11/23/2022 8:19:38,84300.0,United States,Full time employee,"DBA (Production Focus - build & troubleshoot servers, HA/DR)",No,3,1 (this is the only company where I've had this kind of position),,300K-1M (large city),Private business,"Stay with the same employer, same role",Male
2023,11/23/2022 8:03:24,165700.0,United States,Full time employee,Engineer,No,23,1 (this is the only company where I've had this kind of position),,300K-1M (large city),Private business,"Stay with the same employer, same role",Male
2023,11/23/2022 7:35:45,115000.0,United States,Full time employee,Developer: T-SQL,No,20,2 (I worked at another similar position elsewhere before this one),,20K-99K (large town),Private business,"Stay with the same employer,  but change roles",Male
2023,11/23/2022 7:30:04,250000.0,United States,"Independent consultant, contractor, freelancer,  or company owner",Architect,No,17,4,,1M+ (metropolis),Private business,"Stay with the same employer, same role",Male
2023,11/23/2022 6:15:41,166000.0,United States,Full time employee,"DBA (Production Focus - build & troubleshoot servers, HA/DR)",No,20,3,1.0,1M+ (metropolis),Private business,"Stay with the same employer, same role",Male
2023,11/23/2022 5:51:36,130000.0,United States,Full time employee,"DBA (Production Focus - build & troubleshoot servers, HA/DR)",No,10,2 (I worked at another similar position elsewhere before this one),5.0,300K-1M (large city),Private business,"Stay with the same employer, same role",Male
2023,11/23/2022 5:44:03,140000.0,United States,Full time employee,Architect,No,20,3,,100K-299K (city),Private business,"Stay with the same role, but change employers",Male
2023,11/23/2022 4:30:53,135000.0,United States,Full time employee,DBA (General - splits time evenly between writing & tuning queries AND building & troubleshooting servers),No,15,5,1.0,1M+ (metropolis),Private business,"Stay with the same employer, same role",Male
2023,11/23/2022 3:20:18,115000.0,United States,Full time employee,Architect,Yes,8,1 (this is the only company where I've had this kind of position),1.0,100K-299K (city),Private business,"Stay with the same employer, same role",Male
2023,11/23/2022 2:46:49,130000.0,United States,Full time employee of a consulting/contracting company,"DBA (Production Focus - build & troubleshoot servers, HA/DR)",No,10,5,3.0,1M+ (metropolis),Private business,Change both employers and roles,Male
2023,11/23/2022 1:33:08,105000.0,United States,Full time employee,"DBA (Development Focus - tunes queries, indexes, does deployments)",No,15,3,1.0,1M+ (metropolis),Private business,"Stay with the same employer, same role",Male
2023,11/22/2022 21:52:16,131000.0,United States,Full time employee,Architect,No,18,1 (this is the only company where I've had this kind of position),1.0,100K-299K (city),Private business,"Stay with the same employer, same role",Male
2023,11/22/2022 21:27:44,137000.0,United States,Full time employee,DBA (General - splits time evenly between writing & tuning queries AND building & troubleshooting servers),No,12,2 (I worked at another similar position elsewhere before this one),,300K-1M (large city),Private business,Change both employers and roles,Male
2023,11/22/2022 20:11:01,155000.0,United States,Full time employee,"DBA (Production Focus - build & troubleshoot servers, HA/DR)",No,20,3,,1M+ (metropolis),Private business,"Stay with the same employer, same role",Male
2023,11/22/2022 19:44:54,140000.0,United States,Full time employee,Developer: T-SQL,No,20,6 or more,,1M+ (metropolis),Private business,Change both employers and roles,Male
2023,11/22/2022 19:04:14,126000.0,United States,Full time employee,Developer: T-SQL,No,23,2 (I worked at another similar position elsewhere before this one),2.0,20K-99K (large town),Private business,"Stay with the same employer, same role",Male
2023,11/22/2022 18:58:57,120000.0,United States,Full time employee,Manager,Yes,35,3,1.0,20K-99K (large town),Private business,"Stay with the same employer, same role",Male
2023,11/22/2022 18:28:13,142000.0,United States,Full time employee,Engineer,No,3,2 (I worked at another similar position elsewhere before this one),,100K-299K (city),Private business,"Stay with the same employer, same role",Female
2023,11/22/2022 18:26:51,115000.0,United States,Full time employee,"DBA (Development Focus - tunes queries, indexes, does deployments)",No,12,3,,1M+ (metropolis),Private business,"Stay with the same employer, same role",Male
2023,11/22/2022 17:44:17,156000.0,United States,Full time employee,"DBA (Development Focus - tunes queries, indexes, does deployments)",No,17,2 (I worked at another similar position elsewhere before this one),1.0,100K-299K (city),Private business,"Stay with the same employer, same role",Male
2023,11/22/2022 17:25:41,95000.0,United States,Full time employee,DBA (General - splits time evenly between writing & tuning queries AND building & troubleshooting servers),No,3,3,4.0,100K-299K (city),Private business,"Stay with the same employer, same role",Male
2023,11/22/2022 17:01:17,100000.0,United States,Full time employee,"DBA (Production Focus - build & troubleshoot servers, HA/DR)",No,7,2 (I worked at another similar position elsewhere before this one),1.0,300K-1M (large city),Private business,"Stay with the same employer, same role",Male
2023,11/22/2022 16:57:05,105000.0,United States,Full time employee,"DBA (Production Focus - build & troubleshoot servers, HA/DR)",No,15,3,,300K-1M (large city),Private business,"Stay with the same employer, same role",Male
2023,11/22/2022 16:53:06,130000.0,United States,Full time employee,Architect,No,6,1 (this is the only company where I've had this kind of position),4.0,300K-1M (large city),Private business,"Stay with the same employer, same role",Female
2023,11/22/2022 16:51:40,124000.0,United States,Full time employee,DBA (General - splits time evenly between writing & tuning queries AND building & troubleshooting servers),No,2,1 (this is the only company where I've had this kind of position),,300K-1M (large city),Private business,Prefer not to say,Male
2023,11/22/2022 16:03:20,150000.0,United States,Full time employee of a consulting/contracting company,Engineer,No,1,1 (this is the only company where I've had this kind of position),,1M+ (metropolis),Private business,"Stay with the same role, but change employers",Male
2023,11/22/2022 15:42:28,188000.0,United States,Full time employee,Manager,Yes,13,2 (I worked at another similar position elsewhere before this one),,1M+ (metropolis),Private business,"Stay with the same employer, same role",Male
2023,11/22/2022 15:38:45,120000.0,United States,Full time employee,Engineer,No,5,2 (I worked at another similar position elsewhere before this one),,1M+ (metropolis),Private business,Prefer not to say,Male
2023,11/22/2022 15:34:08,200583.0,United States,Full time employee of a consulting/contracting company,"DBA (Development Focus - tunes queries, indexes, does deployments)",Yes,26,5,,1M+ (metropolis),Private business,"Stay with the same employer, same role",Male
2023,11/22/2022 15:33:48,118000.0,United States,Full time employee,DBA (General - splits time evenly between writing & tuning queries AND building & troubleshooting servers),No,25,5,,300K-1M (large city),Private business,"Stay with the same employer, same role",Male
2023,11/22/2022 15:21:40,95000.0,United States,Full time employee,Engineer,No,3,2 (I worked at another similar position elsewhere before this one),,"<= 20,000 (town)",Private business,"Stay with the same employer, same role",Male
2023,11/22/2022 14:56:05,185000.0,United States,Full time employee,"Developer: App code (C#, JS, etc)",No,25,5,,1M+ (metropolis),Private business,"Stay with the same employer, same role",Male
2023,11/22/2022 14:42:18,225000.0,United States,Full time employee,Manager,Yes,5,2 (I worked at another similar position elsewhere before this one),,100K-299K (city),Private business,"Stay with the same employer, same role",Male
2023,11/22/2022 14:40:45,135000.0,United States,Full time employee,DBA (General - splits time evenly between writing & tuning queries AND building & troubleshooting servers),No,16,3,,20K-99K (large town),Private business,"Stay with the same employer, same role",Male
2023,11/22/2022 14:02:43,143000.0,United States,Full time employee,DBA (General - splits time evenly between writing & tuning queries AND building & troubleshooting servers),No,22,2 (I worked at another similar position elsewhere before this one),1.0,1M+ (metropolis),Private business,"Stay with the same employer, same role",Male
2023,11/22/2022 13:48:22,112000.0,United States,Full time employee,DBA (General - splits time evenly between writing & tuning queries AND building & troubleshooting servers),No,8,3,1.0,100K-299K (city),Private business,Prefer not to say,Male
2023,11/22/2022 13:44:01,120000.0,United States,Full time employee,"Developer: Business Intelligence (SSRS, PowerBI, etc)",No,27,2 (I worked at another similar position elsewhere before this one),,100K-299K (city),Private business,"Stay with the same employer, same role",Male
2023,11/22/2022 13:40:39,130000.0,United States,Full time employee,DBA (General - splits time evenly between writing & tuning queries AND building & troubleshooting servers),No,25,5,,1M+ (metropolis),Private business,"Stay with the same employer, same role",Male
2023,11/22/2022 13:37:17,135000.0,United States,Full time employee,Manager,Yes,3,1 (this is the only company where I've had this kind of position),,300K-1M (large city),Private business,"Stay with the same employer, same role",Male
2023,11/22/2022 13:25:39,200000.0,United States,Full time employee,Architect,Yes,22,4,1.0,300K-1M (large city),Private business,Change both employers and roles,Male
2023,11/22/2022 13:19:59,192500.0,United States,Full time employee of a consulting/contracting company,Architect,Yes,4,2 (I worked at another similar position elsewhere before this one),,1M+ (metropolis),Private business,Change both employers and roles,Male
2023,11/22/2022 13:07:18,146000.0,United States,Full time employee,DBA (General - splits time evenly between writing & tuning queries AND building & troubleshooting servers),Yes,30,2 (I worked at another similar position elsewhere before this one),5.0,1M+ (metropolis),Private business,"Stay with the same employer, same role",Male
2023,11/22/2022 12:54:49,148000.0,United States,Full time employee,Engineer,No,30,6 or more,4.0,300K-1M (large city),Private business,"Stay with the same employer, same role",Male
2023,11/22/2022 12:46:30,82000.0,United States,Full time employee,"DBA (Development Focus - tunes queries, indexes, does deployments)",No,8,1 (this is the only company where I've had this kind of position),3.0,300K-1M (large city),Private business,"Stay with the same role, but change employers",Male
2023,11/22/2022 12:42:12,150000.0,United States,Full time employee,Manager,Yes,10,3,,100K-299K (city),Private business,"Stay with the same employer, same role",Male
2023,11/22/2022 12:35:20,120000.0,United States,Full time employee,"DBA (Production Focus - build & troubleshoot servers, HA/DR)",No,18,3,3.0,300K-1M (large city),Private business,"Stay with the same employer,  but change roles",Male
2023,11/22/2022 12:32:17,175200.0,United States,Full time employee,Architect,No,15,3,2.0,1M+ (metropolis),Private business,"Stay with the same employer, same role",Male
2023,11/22/2022 12:27:00,160000.0,United States,Full time employee of a consulting/contracting company,Developer: T-SQL,No,3,1 (this is the only company where I've had this kind of position),4.0,300K-1M (large city),Private business,"Stay with the same employer, same role",Female
2023,11/22/2022 12:25:40,167000.0,United States,Full time employee,"DBA (Development Focus - tunes queries, indexes, does deployments)",No,8,1 (this is the only company where I've had this kind of position),,1M+ (metropolis),Private business,"Stay with the same employer, same role",Female
2023,11/22/2022 12:20:53,206000.0,United States,Full time employee,Manager,Yes,10,3,,1M+ (metropolis),Private business,"Stay with the same employer, same role",Male
2023,11/22/2022 12:04:01,145000.0,United States,Full time employee,Architect,Yes,17,5,2.0,100K-299K (city),Private business,Change both employers and roles,Male
2023,11/22/2022 12:00:02,90000.0,United States,Full time employee,DBA (General - splits time evenly between writing & tuning queries AND building & troubleshooting servers),No,2,1 (this is the only company where I've had this kind of position),,300K-1M (large city),Private business,"Stay with the same employer, same role",Male
2023,11/22/2022 11:58:27,90000.0,United States,Full time employee,Developer: T-SQL,No,5,2 (I worked at another similar position elsewhere before this one),1.0,1M+ (metropolis),Private business,"Stay with the same role, but change employers",Male
2023,11/22/2022 11:55:40,150000.0,United States,"Independent consultant, contractor, freelancer,  or company owner","DBA (Development Focus - tunes queries, indexes, does deployments)",Yes,15,3,,300K-1M (large city),Private business,"Stay with the same employer,  but change roles",Male
2023,11/22/2022 11:54:03,147700.0,United States,Full time employee,DBA (General - splits time evenly between writing & tuning queries AND building & troubleshooting servers),No,26,3,2.0,300K-1M (large city),Private business,"Stay with the same employer, same role",Male
2023,11/22/2022 11:51:57,146000.0,United States,Full time employee,DBA (General - splits time evenly between writing & tuning queries AND building & troubleshooting servers),No,23,4,,20K-99K (large town),Private business,"Stay with the same role, but change employers",Male
2023,11/22/2022 11:48:48,100000.0,United States,Full time employee,"Developer: Business Intelligence (SSRS, PowerBI, etc)",No,5,2 (I worked at another similar position elsewhere before this one),3.0,1M+ (metropolis),Private business,"Stay with the same employer, same role",Male
2023,11/22/2022 11:44:29,135000.0,United States,Full time employee,DBA (General - splits time evenly between writing & tuning queries AND building & troubleshooting servers),No,9,3,1.0,300K-1M (large city),Private business,"Stay with the same employer, same role",Male
2023,11/22/2022 11:42:26,195000.0,United States,Full time employee of a consulting/contracting company,"DBA (Production Focus - build & troubleshoot servers, HA/DR)",No,3,4,,1M+ (metropolis),Private business,"Stay with the same role, but change employers",Male
2023,11/22/2022 11:36:44,100600.0,United States,Full time employee,DBA (General - splits time evenly between writing & tuning queries AND building & troubleshooting servers),No,15,1 (this is the only company where I've had this kind of position),2.0,300K-1M (large city),Private business,"Stay with the same employer, same role",Female
2023,11/22/2022 11:31:15,100000.0,United States,Full time employee,DBA (General - splits time evenly between writing & tuning queries AND building & troubleshooting servers),No,3,1 (this is the only company where I've had this kind of position),2.0,100K-299K (city),Private business,"Stay with the same employer, same role",Female
2023,11/22/2022 11:26:27,180000.0,United States,Full time employee,Manager,Yes,20,6 or more,,1M+ (metropolis),Private business,"Stay with the same employer,  but change roles",Male
2023,11/22/2022 11:22:49,150000.0,United States,Full time employee of a consulting/contracting company,DBA (General - splits time evenly between writing & tuning queries AND building & troubleshooting servers),No,18,6 or more,,1M+ (metropolis),Private business,"Stay with the same employer, same role",Male
2023,11/22/2022 11:21:57,130000.0,United States,Full time employee,Engineer,No,16,3,,100K-299K (city),Private business,"Stay with the same employer, same role",Male
2023,11/22/2022 11:16:07,90000.0,United States,Full time employee,Analyst,No,5,2 (I worked at another similar position elsewhere before this one),4.0,300K-1M (large city),Private business,"Stay with the same employer, same role",Male
2023,11/22/2022 11:09:51,138500.0,United States,Full time employee,Architect,No,5,3,,1M+ (metropolis),Private business,"Stay with the same employer, same role",Male
2023,11/22/2022 10:57:20,131000.0,United States,Full time employee,Architect,No,16,5,,1M+ (metropolis),Private business,"Stay with the same employer, same role",Male
2023,11/22/2022 10:55:39,105000.0,United States,Full time employee,"DBA (Development Focus - tunes queries, indexes, does deployments)",No,9,2 (I worked at another similar position elsewhere before this one),,300K-1M (large city),Private business,"Stay with the same employer, same role",Male
2023,11/22/2022 10:53:15,160000.0,United States,Full time employee,"DBA (Production Focus - build & troubleshoot servers, HA/DR)",Yes,16,1 (this is the only company where I've had this kind of position),5.0,1M+ (metropolis),Private business,"Stay with the same employer,  but change roles",Male
2023,11/22/2022 10:51:22,89000.0,United States,Full time employee,Developer: T-SQL,No,6,1 (this is the only company where I've had this kind of position),,300K-1M (large city),Private business,"Stay with the same employer,  but change roles",Male
2023,11/22/2022 10:48:56,225000.0,United States,Full time employee,"DBA (Production Focus - build & troubleshoot servers, HA/DR)",No,12,3,,1M+ (metropolis),Private business,"Stay with the same employer, same role",Male
2023,11/22/2022 10:48:09,124000.0,United States,Full time employee,"DBA (Development Focus - tunes queries, indexes, does deployments)",No,15,2 (I worked at another similar position elsewhere before this one),2.0,1M+ (metropolis),Private business,"Stay with the same employer, same role",Male
2023,11/22/2022 10:47:56,91000.0,United States,Full time employee,DBA (General - splits time evenly between writing & tuning queries AND building & troubleshooting servers),No,10,2 (I worked at another similar position elsewhere before this one),1.0,20K-99K (large town),Private business,"Stay with the same employer, same role",Female
2023,11/22/2022 10:45:08,125000.0,United States,Full time employee,Engineer,No,1,2 (I worked at another similar position elsewhere before this one),,1M+ (metropolis),Private business,"Stay with the same employer, same role",Male
2023,11/22/2022 10:44:15,100000.0,United States,Full time employee,"DBA (Production Focus - build & troubleshoot servers, HA/DR)",No,17,5,4.0,20K-99K (large town),Private business,"Stay with the same employer, same role",Female
2023,11/22/2022 10:43:46,200000.0,United States,Full time employee,"DBA (Development Focus - tunes queries, indexes, does deployments)",No,10,5,2.0,300K-1M (large city),Private business,Prefer not to say,Male
2023,11/22/2022 10:43:17,131000.0,United States,Full time employee of a consulting/contracting company,DBA (General - splits time evenly between writing & tuning queries AND building & troubleshooting servers),Yes,7,2 (I worked at another similar position elsewhere before this one),,1M+ (metropolis),Private business,Prefer not to say,Male
2023,11/22/2022 10:41:39,171810.0,United States,Full time employee,"Developer: App code (C#, JS, etc)",No,24,2 (I worked at another similar position elsewhere before this one),,300K-1M (large city),Private business,"Stay with the same employer, same role",Male
2023,11/22/2022 10:41:02,150000.0,United States,Full time employee of a consulting/contracting company,Architect,No,1,1 (this is the only company where I've had this kind of position),,300K-1M (large city),Private business,"Stay with the same employer, same role",Male
2023,11/22/2022 10:40:17,170000.0,United States,Full time employee,DBA (General - splits time evenly between writing & tuning queries AND building & troubleshooting servers),No,15,6 or more,5.0,300K-1M (large city),Private business,Change both employers and roles,Male
2023,11/22/2022 10:38:05,150000.0,United States,Full time employee,Manager,Yes,1,3,,1M+ (metropolis),Private business,"Stay with the same employer, same role",Male
2023,11/22/2022 10:37:44,130000.0,United States,Full time employee,DBA (General - splits time evenly between writing & tuning queries AND building & troubleshooting servers),No,3,1 (this is the only company where I've had this kind of position),,20K-99K (large town),Private business,"Stay with the same employer, same role",Male
2023,11/22/2022 10:32:51,125000.0,United States,Full time employee,Developer: T-SQL,No,8,1 (this is the only company where I've had this kind of position),2.0,100K-299K (city),Private business,"Stay with the same employer, same role",Female
2023,11/22/2022 10:27:04,125000.0,United States,Full time employee,Data Scientist,No,5,2 (I worked at another similar position elsewhere before this one),2.0,1M+ (metropolis),Private business,"Stay with the same employer, same role",Male
2023,11/22/2022 10:26:42,125000.0,United States,Full time employee,"DBA (Development Focus - tunes queries, indexes, does deployments)",No,4,1 (this is the only company where I've had this kind of position),,1M+ (metropolis),Private business,Prefer not to say,Male
2023,11/22/2022 10:24:55,107000.0,United States,Full time employee,Developer: T-SQL,No,20,1 (this is the only company where I've had this kind of position),1.0,1M+ (metropolis),Private business,"Stay with the same employer, same role",Female
2023,11/22/2022 10:21:27,100200.0,United States,Full time employee,Manager,Yes,8,1 (this is the only company where I've had this kind of position),1.0,300K-1M (large city),Private business,"Stay with the same employer,  but change roles",Male
2023,11/22/2022 10:20:23,95000.0,United States,Full time employee,DBA (General - splits time evenly between writing & tuning queries AND building & troubleshooting servers),No,8,1 (this is the only company where I've had this kind of position),2.0,1M+ (metropolis),Private business,"Stay with the same role, but change employers",Male
2023,11/22/2022 10:19:19,257000.0,United States,Full time employee,Other,Yes,6,2 (I worked at another similar position elsewhere before this one),,300K-1M (large city),Private business,Change both employers and roles,Male
2023,11/22/2022 10:18:48,105000.0,United States,Full time employee,"DBA (Production Focus - build & troubleshoot servers, HA/DR)",No,9,6 or more,1.0,100K-299K (city),Private business,"Stay with the same role, but change employers",Male
2023,11/22/2022 10:18:15,108000.0,United States,Full time employee,"DBA (Production Focus - build & troubleshoot servers, HA/DR)",Yes,25,3,,100K-299K (city),Private business,"Stay with the same employer, same role",Male
2023,11/22/2022 10:17:49,160000.0,United States,Full time employee,Architect,No,2,4,1.0,1M+ (metropolis),Private business,"Stay with the same role, but change employers",Male
2023,11/22/2022 10:17:36,118000.0,United States,Full time employee,DBA (General - splits time evenly between writing & tuning queries AND building & troubleshooting servers),No,10,3,1.0,100K-299K (city),Private business,"Stay with the same employer, same role",Male
2023,11/22/2022 10:17:11,120000.0,United States,Full time employee of a consulting/contracting company,"DBA (Production Focus - build & troubleshoot servers, HA/DR)",No,2,1 (this is the only company where I've had this kind of position),,300K-1M (large city),Private business,"Stay with the same employer, same role",Male
2023,11/22/2022 10:16:53,120000.0,United States,Full time employee,DBA (General - splits time evenly between writing & tuning queries AND building & troubleshooting servers),No,5,1 (this is the only company where I've had this kind of position),,300K-1M (large city),Private business,"Stay with the same employer, same role",Male
2023,11/22/2022 10:16:34,136000.0,United States,Full time employee,"DBA (Development Focus - tunes queries, indexes, does deployments)",No,25,4,,300K-1M (large city),Private business,"Stay with the same employer, same role",Male
2023,11/22/2022 10:15:39,135000.0,United States,Full time employee,"Developer: Business Intelligence (SSRS, PowerBI, etc)",No,15,4,,100K-299K (city),Private business,"Stay with the same role, but change employers",Male
2023,11/22/2022 10:10:18,185000.0,United States,Full time employee,"DBA (Development Focus - tunes queries, indexes, does deployments)",No,18,2 (I worked at another similar position elsewhere before this one),1.0,300K-1M (large city),Private business,"Stay with the same employer, same role",Male
2023,11/22/2022 10:09:53,116000.0,United States,Full time employee,"DBA (Development Focus - tunes queries, indexes, does deployments)",No,8,2 (I worked at another similar position elsewhere before this one),5.0,300K-1M (large city),Private business,Change both employers and roles,Male
2023,11/22/2022 10:06:18,113000.0,United States,Full time employee,"Developer: Business Intelligence (SSRS, PowerBI, etc)",No,6,1 (this is the only company where I've had this kind of position),,1M+ (metropolis),Private business,"Stay with the same role, but change employers",Male
2023,11/22/2022 10:05:24,121000.0,United States,Full time employee,DBA (General - splits time evenly between writing & tuning queries AND building & troubleshooting servers),No,35,5,,1M+ (metropolis),Private business,"Stay with the same employer, same role",Male
2023,11/22/2022 10:05:21,126000.0,United States,Full time employee,DBA (General - splits time evenly between writing & tuning queries AND building & troubleshooting servers),No,7,4,,300K-1M (large city),Private business,"Stay with the same employer, same role",Male
2023,11/22/2022 10:02:45,83000.0,United States,Full time employee,Analyst,No,6,3,,300K-1M (large city),Private business,"Stay with the same employer,  but change roles",Male
2023,11/22/2022 10:00:12,167000.0,United States,Full time employee,DBA (General - splits time evenly between writing & tuning queries AND building & troubleshooting servers),No,10,5,,300K-1M (large city),Private business,"Stay with the same employer, same role",Male
2023,11/22/2022 9:59:58,114000.0,United States,Full time employee,DBA (General - splits time evenly between writing & tuning queries AND building & troubleshooting servers),No,5,1 (this is the only company where I've had this kind of position),,300K-1M (large city),Private business,"Stay with the same role, but change employers",Male
2023,11/22/2022 9:59:36,159000.0,United States,Full time employee,"DBA (Production Focus - build & troubleshoot servers, HA/DR)",No,1,5,2.0,1M+ (metropolis),Private business,"Stay with the same employer, same role",Male
2023,11/22/2022 9:58:13,95000.0,United States,Full time employee,"DBA (Production Focus - build & troubleshoot servers, HA/DR)",No,10,4,,1M+ (metropolis),Private business,"Stay with the same employer, same role",Male
2023,11/22/2022 9:55:12,200000.0,United States,"Independent consultant, contractor, freelancer,  or company owner","Developer: Business Intelligence (SSRS, PowerBI, etc)",No,1,1 (this is the only company where I've had this kind of position),,1M+ (metropolis),Private business,"Stay with the same employer, same role",Male
2023,11/22/2022 9:55:04,135000.0,United States,Full time employee,"DBA (Development Focus - tunes queries, indexes, does deployments)",No,7,3,,1M+ (metropolis),Private business,"Stay with the same role, but change employers",Male
2023,11/22/2022 9:52:09,120000.0,United States,Full time employee,"Developer: Business Intelligence (SSRS, PowerBI, etc)",Yes,20,1 (this is the only company where I've had this kind of position),,1M+ (metropolis),Private business,"Stay with the same employer, same role",Male
2023,11/22/2022 9:52:08,137500.0,United States,Full time employee,Analyst,No,5,3,,1M+ (metropolis),Private business,Change both employers and roles,Male
2023,11/22/2022 9:51:59,180000.0,United States,Full time employee,Architect,Yes,3,1 (this is the only company where I've had this kind of position),1.0,100K-299K (city),Private business,"Stay with the same employer, same role",Male
2023,11/22/2022 9:49:59,81151.0,United States,Full time employee of a consulting/contracting company,DBA (General - splits time evenly between writing & tuning queries AND building & troubleshooting servers),No,4,2 (I worked at another similar position elsewhere before this one),,100K-299K (city),Private business,Change both employers and roles,Male
2023,11/22/2022 9:49:37,154000.0,United States,Full time employee,DBA (General - splits time evenly between writing & tuning queries AND building & troubleshooting servers),Yes,10,1 (this is the only company where I've had this kind of position),2.0,20K-99K (large town),Private business,"Stay with the same employer, same role",Male
2023,11/22/2022 9:48:32,98432.0,United States,Full time employee,Developer: T-SQL,No,10,4,,100K-299K (city),Private business,"Stay with the same role, but change employers",Male
2023,11/22/2022 9:48:10,150000.0,United States,Full time employee,Developer: T-SQL,No,11,1 (this is the only company where I've had this kind of position),4.0,100K-299K (city),Private business,"Stay with the same employer, same role",Female
2023,11/22/2022 9:46:04,162000.0,United States,Full time employee,Architect,Yes,20,1 (this is the only company where I've had this kind of position),,1M+ (metropolis),Private business,"Stay with the same role, but change employers",Male
2023,11/22/2022 9:46:03,98000.0,United States,Full time employee,DBA (General - splits time evenly between writing & tuning queries AND building & troubleshooting servers),No,10,2 (I worked at another similar position elsewhere before this one),4.0,100K-299K (city),Private business,"Stay with the same employer,  but change roles",Male
2023,11/22/2022 9:45:17,117000.0,United States,Full time employee,DBA (General - splits time evenly between writing & tuning queries AND building & troubleshooting servers),Yes,7,2 (I worked at another similar position elsewhere before this one),1.0,300K-1M (large city),Private business,"Stay with the same employer, same role",Male
2023,11/22/2022 9:45:08,230000.0,United States,Full time employee,Architect,Yes,6,1 (this is the only company where I've had this kind of position),2.0,300K-1M (large city),Private business,"Stay with the same employer, same role",Male
2023,11/22/2022 9:43:56,158000.0,United States,Full time employee of a consulting/contracting company,"DBA (Production Focus - build & troubleshoot servers, HA/DR)",No,22,4,3.0,1M+ (metropolis),Private business,"Stay with the same employer, same role",Male
2023,11/22/2022 9:41:52,230000.0,United States,Full time employee,Manager,Yes,15,2 (I worked at another similar position elsewhere before this one),2.0,1M+ (metropolis),Private business,"Stay with the same employer, same role",Male
2023,11/22/2022 9:39:26,95000.0,United States,Full time employee,DBA (General - splits time evenly between writing & tuning queries AND building & troubleshooting servers),No,1,2 (I worked at another similar position elsewhere before this one),,"<= 20,000 (town)",Private business,"Stay with the same employer, same role",Male
2023,11/22/2022 9:35:02,148000.0,United States,Full time employee,"DBA (Production Focus - build & troubleshoot servers, HA/DR)",Yes,8,2 (I worked at another similar position elsewhere before this one),3.0,1M+ (metropolis),Private business,"Stay with the same role, but change employers",Male
2023,11/22/2022 9:34:14,120000.0,United States,Full time employee,Manager,Yes,6,1 (this is the only company where I've had this kind of position),,20K-99K (large town),Private business,"Stay with the same employer, same role",Male
2023,11/22/2022 9:34:05,138000.0,United States,Full time employee,"DBA (Production Focus - build & troubleshoot servers, HA/DR)",Yes,2,5,2.0,100K-299K (city),Private business,"Stay with the same employer, same role",Male
2023,11/22/2022 9:33:44,120000.0,United States,Full time employee of a consulting/contracting company,"DBA (Production Focus - build & troubleshoot servers, HA/DR)",No,25,2 (I worked at another similar position elsewhere before this one),1.0,300K-1M (large city),Private business,"Stay with the same employer, same role",Female
2023,11/22/2022 9:30:30,109000.0,United States,Full time employee,DBA (General - splits time evenly between writing & tuning queries AND building & troubleshooting servers),No,9,1 (this is the only company where I've had this kind of position),4.0,300K-1M (large city),Private business,"Stay with the same employer, same role",Female
2023,11/22/2022 9:30:22,117000.0,United States,Full time employee,"DBA (Production Focus - build & troubleshoot servers, HA/DR)",No,13,2 (I worked at another similar position elsewhere before this one),2.0,1M+ (metropolis),Private business,"Stay with the same employer, same role",Male
2023,11/22/2022 9:30:05,129500.0,United States,Full time employee,"DBA (Production Focus - build & troubleshoot servers, HA/DR)",No,16,4,,100K-299K (city),Private business,"Stay with the same role, but change employers",Male
2023,11/22/2022 9:30:02,112000.0,United States,Full time employee,Architect,No,3,1 (this is the only company where I've had this kind of position),,300K-1M (large city),Private business,"Stay with the same role, but change employers",Female
2023,11/22/2022 9:29:53,235000.0,United States,"Independent consultant, contractor, freelancer,  or company owner","Developer: App code (C#, JS, etc)",Yes,35,4,,100K-299K (city),Private business,"Stay with the same employer, same role",Male
2023,11/22/2022 9:29:41,181000.0,United States,Full time employee,Other,Yes,24,2 (I worked at another similar position elsewhere before this one),2.0,300K-1M (large city),Private business,"Stay with the same employer, same role",Male
2023,11/22/2022 9:28:28,125000.0,United States,Full time employee,"DBA (Development Focus - tunes queries, indexes, does deployments)",Yes,20,3,,100K-299K (city),Private business,"Stay with the same employer, same role",Male
2023,11/22/2022 9:27:35,67000.0,United States,Full time employee,"DBA (Development Focus - tunes queries, indexes, does deployments)",No,3,1 (this is the only company where I've had this kind of position),3.0,100K-299K (city),Private business,"Stay with the same employer, same role",Male
2023,11/22/2022 9:27:25,210000.0,United States,Full time employee,Architect,Yes,6,6 or more,,1M+ (metropolis),Private business,"Stay with the same employer, same role",Male
2023,11/22/2022 9:25:43,130000.0,United States,Full time employee,DBA (General - splits time evenly between writing & tuning queries AND building & troubleshooting servers),No,20,1 (this is the only company where I've had this kind of position),2.0,1M+ (metropolis),Private business,"Stay with the same role, but change employers",Female
2023,11/22/2022 9:25:12,115000.0,United States,Full time employee,"DBA (Production Focus - build & troubleshoot servers, HA/DR)",No,5,2 (I worked at another similar position elsewhere before this one),,300K-1M (large city),Private business,"Stay with the same employer, same role",Male
2023,11/22/2022 9:25:00,150000.0,United States,Full time employee,Engineer,No,1,6 or more,3.0,1M+ (metropolis),Private business,"Stay with the same employer, same role",Male
2023,11/22/2022 9:24:52,98000.0,United States,Full time employee,Developer: T-SQL,No,13,6 or more,1.0,300K-1M (large city),Private business,"Stay with the same employer, same role",Male
2023,11/22/2022 9:24:06,109000.0,United States,Full time employee,"Developer: Business Intelligence (SSRS, PowerBI, etc)",Yes,15,3,,100K-299K (city),Private business,Prefer not to say,Male
2023,11/22/2022 9:24:05,93600.0,United States,Full time employee,Developer: T-SQL,No,8,1 (this is the only company where I've had this kind of position),,100K-299K (city),Private business,"Stay with the same employer, same role",Female
2023,11/22/2022 9:24:02,115000.0,United States,Full time employee,"DBA (Production Focus - build & troubleshoot servers, HA/DR)",No,25,6 or more,1.0,100K-299K (city),Private business,"Stay with the same employer, same role",Male
2023,11/22/2022 9:23:34,146000.0,United States,Full time employee,DBA (General - splits time evenly between writing & tuning queries AND building & troubleshooting servers),No,23,6 or more,3.0,1M+ (metropolis),Private business,"Stay with the same employer, same role",Male
2023,11/22/2022 9:20:38,160000.0,United States,Full time employee,Manager,Yes,25,1 (this is the only company where I've had this kind of position),2.0,"<= 20,000 (town)",Private business,"Stay with the same employer,  but change roles",Male
2023,11/22/2022 9:19:25,142000.0,United States,Full time employee,DBA (General - splits time evenly between writing & tuning queries AND building & troubleshooting servers),No,11,2 (I worked at another similar position elsewhere before this one),3.0,300K-1M (large city),Private business,"Stay with the same employer, same role",Male
2023,11/22/2022 9:19:22,119000.0,United States,Full time employee,Architect,Yes,20,2 (I worked at another similar position elsewhere before this one),,1M+ (metropolis),Private business,"Stay with the same role, but change employers",Male
2023,11/22/2022 9:19:19,129000.0,United States,Full time employee,"DBA (Production Focus - build & troubleshoot servers, HA/DR)",No,24,5,2.0,300K-1M (large city),Private business,"Stay with the same employer, same role",Female
2023,11/22/2022 9:18:53,87000.0,United States,Full time employee,"DBA (Development Focus - tunes queries, indexes, does deployments)",No,4,2 (I worked at another similar position elsewhere before this one),3.0,20K-99K (large town),Private business,Change both employers and roles,Male
2023,11/22/2022 9:18:06,137000.0,United States,Full time employee,DBA (General - splits time evenly between writing & tuning queries AND building & troubleshooting servers),No,9,2 (I worked at another similar position elsewhere before this one),1.0,1M+ (metropolis),Private business,"Stay with the same employer, same role",Male
2023,11/22/2022 9:18:03,135000.0,United States,Full time employee,"DBA (Production Focus - build & troubleshoot servers, HA/DR)",No,9,2 (I worked at another similar position elsewhere before this one),,1M+ (metropolis),Private business,"Stay with the same employer, same role",Male
2023,11/22/2022 9:17:50,100000.0,United States,Full time employee,"Developer: App code (C#, JS, etc)",No,6,4,4.0,300K-1M (large city),Private business,"Stay with the same employer, same role",Male
2023,11/22/2022 9:17:39,158600.0,United States,Full time employee,DBA (General - splits time evenly between writing & tuning queries AND building & troubleshooting servers),Yes,15,3,,20K-99K (large town),Private business,"Stay with the same employer, same role",Male
2023,11/22/2022 9:16:59,209000.0,United States,Full time employee,Manager,Yes,8,3,1.0,1M+ (metropolis),Private business,"Stay with the same employer, same role",Male
2023,11/22/2022 9:15:42,165000.0,United States,Full time employee,DBA (General - splits time evenly between writing & tuning queries AND building & troubleshooting servers),No,20,6 or more,2.0,1M+ (metropolis),Private business,"Stay with the same employer, same role",Male
2023,11/22/2022 9:14:53,130000.0,United States,Full time employee,DBA (General - splits time evenly between writing & tuning queries AND building & troubleshooting servers),No,2,3,,300K-1M (large city),Private business,Prefer not to say,Male
2023,11/22/2022 9:14:38,140000.0,United States,Full time employee,Analyst,No,8,1 (this is the only company where I've had this kind of position),,1M+ (metropolis),Private business,"Stay with the same employer, same role",Male
2023,11/22/2022 9:14:29,130000.0,United States,Full time employee,"DBA (Development Focus - tunes queries, indexes, does deployments)",No,1,1 (this is the only company where I've had this kind of position),1.0,300K-1M (large city),Private business,"Stay with the same employer, same role",Male
2023,11/22/2022 9:13:46,125000.0,United States,Full time employee,"DBA (Production Focus - build & troubleshoot servers, HA/DR)",No,2,4,2.0,1M+ (metropolis),Private business,"Stay with the same employer, same role",Male
2023,11/22/2022 9:13:19,145000.0,United States,Full time employee of a consulting/contracting company,"DBA (Production Focus - build & troubleshoot servers, HA/DR)",Yes,10,3,4.0,300K-1M (large city),Private business,"Stay with the same employer, same role",Male
2023,11/22/2022 9:13:15,85000.0,United States,Full time employee,Developer: T-SQL,No,4,2 (I worked at another similar position elsewhere before this one),,300K-1M (large city),Private business,"Stay with the same employer, same role",Male
2023,11/22/2022 9:13:14,130000.0,United States,"Independent consultant, contractor, freelancer,  or company owner","DBA (Development Focus - tunes queries, indexes, does deployments)",No,10,4,2.0,300K-1M (large city),Private business,"Stay with the same employer, same role",Male
2023,11/22/2022 9:13:11,150000.0,United States,Full time employee,"DBA (Production Focus - build & troubleshoot servers, HA/DR)",Yes,20,2 (I worked at another similar position elsewhere before this one),1.0,1M+ (metropolis),Private business,"Stay with the same employer, same role",Male
2023,11/22/2022 9:13:05,130000.0,United States,Full time employee,DBA (General - splits time evenly between writing & tuning queries AND building & troubleshooting servers),No,10,2 (I worked at another similar position elsewhere before this one),1.0,1M+ (metropolis),Private business,"Stay with the same role, but change employers",Male
2023,11/22/2022 9:12:59,155000.0,United States,Full time employee,Manager,Yes,1,1 (this is the only company where I've had this kind of position),,20K-99K (large town),Private business,"Stay with the same employer, same role",Male
2023,11/22/2022 9:12:58,195000.0,United States,Full time employee,"DBA (Development Focus - tunes queries, indexes, does deployments)",No,7,6 or more,1.0,1M+ (metropolis),Private business,"Stay with the same employer, same role",Male
2023,11/22/2022 9:12:32,96169.0,United States,Full time employee,"DBA (Production Focus - build & troubleshoot servers, HA/DR)",No,4,1 (this is the only company where I've had this kind of position),4.0,300K-1M (large city),Private business,"Stay with the same employer, same role",Female
2023,11/22/2022 9:12:08,101000.0,United States,Full time employee,"DBA (Development Focus - tunes queries, indexes, does deployments)",Yes,20,2 (I worked at another similar position elsewhere before this one),1.0,300K-1M (large city),Private business,"Stay with the same employer, same role",Male
2023,11/22/2022 9:10:28,127000.0,United States,Full time employee,Manager,Yes,7,2 (I worked at another similar position elsewhere before this one),2.0,100K-299K (city),Private business,"Stay with the same employer, same role",Male
2023,11/22/2022 9:10:18,110000.0,United States,Full time employee,Engineer,No,1,1 (this is the only company where I've had this kind of position),2.0,1M+ (metropolis),Private business,"Stay with the same employer, same role",Female
2023,11/22/2022 9:10:10,85000.0,United States,Full time employee,"Developer: Business Intelligence (SSRS, PowerBI, etc)",No,2,1 (this is the only company where I've had this kind of position),,100K-299K (city),Private business,"Stay with the same role, but change employers",Female
2023,11/22/2022 9:09:48,110000.0,United States,Full time employee,"Developer: Business Intelligence (SSRS, PowerBI, etc)",No,7,1 (this is the only company where I've had this kind of position),,"<= 20,000 (town)",Private business,"Stay with the same employer, same role",Male
2023,11/22/2022 9:09:08,102000.0,United States,Full time employee,DBA (General - splits time evenly between writing & tuning queries AND building & troubleshooting servers),No,7,2 (I worked at another similar position elsewhere before this one),1.0,300K-1M (large city),Private business,"Stay with the same employer, same role",Male
2023,11/22/2022 9:08:28,140000.0,United States,Full time employee,DBA (General - splits time evenly between writing & tuning queries AND building & troubleshooting servers),No,28,6 or more,2.0,1M+ (metropolis),Private business,"Stay with the same employer, same role",Male
2023,11/22/2022 9:01:33,164000.0,United States,Full time employee of a consulting/contracting company,Architect,No,4,2 (I worked at another similar position elsewhere before this one),1.0,20K-99K (large town),Private business,"Stay with the same employer, same role",Male
2023,11/22/2022 8:57:14,110740.0,United States,Full time employee of a consulting/contracting company,Developer: T-SQL,No,3,1 (this is the only company where I've had this kind of position),3.0,300K-1M (large city),Private business,"Stay with the same employer, same role",Male
2023,11/22/2022 8:54:22,110000.0,United States,Full time employee,Engineer,No,1,2 (I worked at another similar position elsewhere before this one),4.0,100K-299K (city),Private business,"Stay with the same employer, same role",Male
2023,11/22/2022 8:51:17,70000.0,United States,Full time employee,"DBA (Production Focus - build & troubleshoot servers, HA/DR)",No,2,1 (this is the only company where I've had this kind of position),1.0,300K-1M (large city),Private business,"Stay with the same employer, same role",Male
2023,11/22/2022 8:46:25,140000.0,United States,Full time employee,DBA (General - splits time evenly between writing & tuning queries AND building & troubleshooting servers),No,15,6 or more,,1M+ (metropolis),Private business,"Stay with the same employer, same role",Male
2023,11/22/2022 8:42:40,155000.0,United States,Full time employee,Other,No,12,3,,1M+ (metropolis),Private business,"Stay with the same employer,  but change roles",Male
2023,11/22/2022 8:37:02,86000.0,United States,Full time employee,"Developer: Business Intelligence (SSRS, PowerBI, etc)",No,2,2 (I worked at another similar position elsewhere before this one),,20K-99K (large town),Private business,"Stay with the same employer, same role",Male
2023,11/22/2022 8:35:29,95000.0,United States,Full time employee,"DBA (Production Focus - build & troubleshoot servers, HA/DR)",Yes,5,1 (this is the only company where I've had this kind of position),1.0,100K-299K (city),Private business,Change both employers and roles,Male
2023,11/22/2022 8:26:38,140000.0,United States,Full time employee,"Developer: App code (C#, JS, etc)",Yes,13,3,2.0,1M+ (metropolis),Private business,Prefer not to say,Male
2023,11/22/2022 8:22:35,100000.0,United States,Full time employee,"DBA (Development Focus - tunes queries, indexes, does deployments)",No,10,3,1.0,1M+ (metropolis),Private business,"Stay with the same employer, same role",Male
2023,11/22/2022 7:59:08,760000.0,United States,Full time employee,Architect,Yes,18,3,,1M+ (metropolis),Private business,"Stay with the same role, but change employers",Male
2023,11/22/2022 7:38:21,200000.0,United States,Full time employee,Manager,Yes,6,2 (I worked at another similar position elsewhere before this one),,1M+ (metropolis),Private business,Prefer not to say,Male
2023,11/22/2022 7:35:21,82500.0,United States,Full time employee,"DBA (Development Focus - tunes queries, indexes, does deployments)",No,2,1 (this is the only company where I've had this kind of position),,1M+ (metropolis),Private business,"Stay with the same employer, same role",Male
2023,11/22/2022 7:35:13,110000.0,United States,Full time employee,"DBA (Development Focus - tunes queries, indexes, does deployments)",No,18,5,,1M+ (metropolis),Private business,"Stay with the same employer, same role",Male
2023,11/22/2022 7:30:04,143000.0,United States,Full time employee,DBA (General - splits time evenly between writing & tuning queries AND building & troubleshooting servers),No,10,4,,1M+ (metropolis),Private business,Prefer not to say,Male
2023,11/22/2022 7:28:20,208000.0,United States,Full time employee,Manager,Yes,5,1 (this is the only company where I've had this kind of position),1.0,1M+ (metropolis),Private business,"Stay with the same role, but change employers",Male
2023,11/22/2022 7:16:52,123600.0,United States,Full time employee,DBA (General - splits time evenly between writing & tuning queries AND building & troubleshooting servers),Yes,26,1 (this is the only company where I've had this kind of position),,1M+ (metropolis),Private business,"Stay with the same employer, same role",Male
2023,11/22/2022 7:11:18,108000.0,United States,Full time employee,DBA (General - splits time evenly between writing & tuning queries AND building & troubleshooting servers),No,7,3,4.0,100K-299K (city),Private business,"Stay with the same employer, same role",Male
2023,11/22/2022 7:04:21,220000.0,United States,Full time employee,"Developer: App code (C#, JS, etc)",No,20,1 (this is the only company where I've had this kind of position),,100K-299K (city),Private business,"Stay with the same role, but change employers",Male
2023,11/22/2022 6:54:45,150000.0,United States,Full time employee,"DBA (Production Focus - build & troubleshoot servers, HA/DR)",No,16,6 or more,2.0,1M+ (metropolis),Private business,"Stay with the same role, but change employers",Male
2023,11/22/2022 6:29:46,95000.0,United States,Full time employee,"Developer: App code (C#, JS, etc)",No,5,1 (this is the only company where I've had this kind of position),,20K-99K (large town),Private business,Prefer not to say,Male
2023,11/22/2022 6:14:50,95000.0,United States,Full time employee,DBA (General - splits time evenly between writing & tuning queries AND building & troubleshooting servers),No,16,3,,300K-1M (large city),Private business,"Stay with the same employer, same role",Male
2023,11/22/2022 6:14:46,200205.0,United States,Full time employee,Architect,No,2,1 (this is the only company where I've had this kind of position),1.0,300K-1M (large city),Private business,"Stay with the same employer, same role",Male
2023,11/22/2022 6:04:51,147000.0,United States,Full time employee,Developer: T-SQL,No,11,3,5.0,300K-1M (large city),Private business,"Stay with the same employer, same role",Male
2023,11/22/2022 6:01:28,105000.0,United States,Full time employee,Developer: T-SQL,No,6,2 (I worked at another similar position elsewhere before this one),,300K-1M (large city),Private business,"Stay with the same employer, same role",Male
2023,11/22/2022 5:56:22,128000.0,United States,Full time employee,DBA (General - splits time evenly between writing & tuning queries AND building & troubleshooting servers),No,12,2 (I worked at another similar position elsewhere before this one),,1M+ (metropolis),Private business,"Stay with the same employer,  but change roles",Male
2023,11/22/2022 5:33:42,135000.0,United States,Full time employee,Architect,No,1,2 (I worked at another similar position elsewhere before this one),,1M+ (metropolis),Private business,"Stay with the same role, but change employers",Male
2023,11/22/2022 5:28:48,190000.0,United States,"Independent consultant, contractor, freelancer,  or company owner","Developer: App code (C#, JS, etc)",Yes,4,1 (this is the only company where I've had this kind of position),,300K-1M (large city),Private business,Prefer not to say,Male
2022,1/1/2022 2:35:06,105000.0,United States,Full time employee,"Developer: Business Intelligence (SSRS, PowerBI, etc)",No,5,3,5.0,300K-1M (large city),Private business,"Stay with the same role, but change employers",Male
2022,12/31/2021 22:05:50,73000.0,United States,Full time employee,"DBA (Development Focus - tunes queries, indexes, does deployments)",No,3,1 (this is the only company where I've had this kind of position),4.0,100K-299K (city),Private business,"Stay with the same employer, same role",Male
2022,12/31/2021 16:58:13,295000.0,United States,Full time employee,Architect,No,6,2 (I worked at another similar position elsewhere before this one),,1M+ (metropolis),Private business,"Stay with the same employer, same role",Male
2022,12/31/2021 4:27:19,65200.0,United States,Full time employee of a consulting/contracting company,"DBA (Production Focus - build & troubleshoot servers, HA/DR)",No,1,1 (this is the only company where I've had this kind of position),,1M+ (metropolis),Private business,Prefer not to say,Male
2022,12/30/2021 21:33:32,185000.0,United States,Full time employee,Manager,Yes,3,2 (I worked at another similar position elsewhere before this one),,1M+ (metropolis),Private business,"Stay with the same employer, same role",Male
2022,12/30/2021 19:47:07,100000.0,United States,Full time employee,Developer: T-SQL,No,3,2 (I worked at another similar position elsewhere before this one),1.0,100K-299K (city),Private business,"Stay with the same employer, same role",Male
2022,12/30/2021 15:15:31,65400.0,United States,Full time employee,"Developer: Business Intelligence (SSRS, PowerBI, etc)",No,7,1 (this is the only company where I've had this kind of position),,1M+ (metropolis),Private business,"Stay with the same role, but change employers",Male
2022,12/30/2021 4:11:54,131250.0,United States,Full time employee,DBA (General - splits time evenly between writing & tuning queries AND building & troubleshooting servers),Yes,16,5,1.0,1M+ (metropolis),Private business,"Stay with the same employer, same role",Male
2022,12/29/2021 16:56:00,70000.0,United States,Full time employee,Other,No,5,1 (this is the only company where I've had this kind of position),2.0,1M+ (metropolis),Private business,Prefer not to say,Male
2022,12/28/2021 21:30:30,80000.0,United States,Full time employee,"DBA (Development Focus - tunes queries, indexes, does deployments)",No,6,2 (I worked at another similar position elsewhere before this one),1.0,1M+ (metropolis),Private business,"Stay with the same role, but change employers",Male
2022,12/28/2021 17:59:38,124000.0,United States,Full time employee,"DBA (Production Focus - build & troubleshoot servers, HA/DR)",No,11,5,3.0,300K-1M (large city),Private business,"Stay with the same employer, same role",Male
2022,12/28/2021 14:51:44,131000.0,United States,Full time employee,Engineer,No,8,3,4.0,1M+ (metropolis),Private business,"Stay with the same employer,  but change roles",Male
2022,12/28/2021 13:52:00,104000.0,United States,Full time employee,DBA (General - splits time evenly between writing & tuning queries AND building & troubleshooting servers),No,2,4,,20K-99K (large town),Private business,"Stay with the same employer,  but change roles",Male
2022,12/27/2021 21:56:55,95000.0,United States,Full time employee,DBA (General - splits time evenly between writing & tuning queries AND building & troubleshooting servers),No,20,3,1.0,300K-1M (large city),Private business,"Stay with the same employer, same role",Male
2022,12/27/2021 20:15:22,85000.0,United States,Full time employee,Engineer,No,6,2 (I worked at another similar position elsewhere before this one),5.0,1M+ (metropolis),Private business,Change both employers and roles,Male
2022,12/26/2021 20:34:27,121000.0,United States,Full time employee,"DBA (Production Focus - build & troubleshoot servers, HA/DR)",No,12,4,3.0,100K-299K (city),Private business,"Stay with the same employer, same role",Male
2022,12/26/2021 2:32:16,172200.0,United States,Full time employee,Architect,No,5,2 (I worked at another similar position elsewhere before this one),,300K-1M (large city),Private business,"Stay with the same employer, same role",Male
2022,12/25/2021 5:44:10,160000.0,United States,Full time employee,Manager,No,6,3,,300K-1M (large city),Private business,Prefer not to say,Male
2022,12/25/2021 3:57:06,115000.0,United States,Full time employee,Manager,Yes,1,1 (this is the only company where I've had this kind of position),,1M+ (metropolis),Private business,"Stay with the same employer, same role",Male
2022,12/25/2021 3:50:48,115000.0,United States,Full time employee,Architect,No,23,5,,1M+ (metropolis),Private business,"Stay with the same employer, same role",Male
2022,12/25/2021 3:03:07,156000.0,United States,Full time employee,Manager,Yes,5,2 (I worked at another similar position elsewhere before this one),,1M+ (metropolis),Private business,"Stay with the same employer, same role",Male
2022,12/24/2021 23:52:35,267000.0,United States,Full time employee,Manager,Yes,9,2 (I worked at another similar position elsewhere before this one),,1M+ (metropolis),Private business,"Stay with the same employer, same role",Male
2022,12/24/2021 20:34:41,150000.0,United States,Full time employee of a consulting/contracting company,"DBA (Production Focus - build & troubleshoot servers, HA/DR)",Yes,15,4,1.0,300K-1M (large city),Private business,"Stay with the same employer, same role",Male
2022,12/23/2021 23:31:30,105000.0,United States,Full time employee,Developer: T-SQL,No,10,2 (I worked at another similar position elsewhere before this one),,1M+ (metropolis),Private business,Prefer not to say,Male
2022,12/23/2021 15:16:16,140000.0,United States,Full time employee,"DBA (Production Focus - build & troubleshoot servers, HA/DR)",No,17,3,2.0,1M+ (metropolis),Private business,Change both employers and roles,Male
2022,12/23/2021 14:40:38,135000.0,United States,Full time employee,DBA (General - splits time evenly between writing & tuning queries AND building & troubleshooting servers),No,25,4,1.0,1M+ (metropolis),Private business,"Stay with the same employer, same role",Male
2022,12/23/2021 14:20:12,135000.0,United States,Full time employee,Manager,Yes,8,2 (I worked at another similar position elsewhere before this one),,100K-299K (city),Private business,"Stay with the same employer, same role",Male
2022,12/23/2021 12:36:47,105000.0,United States,Full time employee,Engineer,No,6,5,,1M+ (metropolis),Private business,"Stay with the same employer, same role",Male
2022,12/23/2021 6:22:21,75000.0,United States,Full time employee,"Developer: Business Intelligence (SSRS, PowerBI, etc)",No,10,4,,1M+ (metropolis),Private business,Prefer not to say,Female
2022,12/23/2021 3:42:48,152000.0,United States,Full time employee of a consulting/contracting company,DBA (General - splits time evenly between writing & tuning queries AND building & troubleshooting servers),No,17,2 (I worked at another similar position elsewhere before this one),,300K-1M (large city),Private business,"Stay with the same employer, same role",Male
2022,12/23/2021 3:25:59,85000.0,United States,Full time employee,Engineer,No,3,1 (this is the only company where I've had this kind of position),,100K-299K (city),Private business,"Stay with the same employer, same role",Female
2022,12/23/2021 2:21:18,114000.0,United States,Full time employee,"Developer: App code (C#, JS, etc)",No,13,1 (this is the only company where I've had this kind of position),4.0,1M+ (metropolis),Private business,"Stay with the same employer,  but change roles",Male
2022,12/23/2021 1:51:52,120000.0,United States,Full time employee,Engineer,No,11,5,1.0,100K-299K (city),Private business,"Stay with the same employer, same role",Male
2022,12/23/2021 1:15:46,105000.0,United States,Full time employee,DBA (General - splits time evenly between writing & tuning queries AND building & troubleshooting servers),No,10,1 (this is the only company where I've had this kind of position),,1M+ (metropolis),Private business,"Stay with the same role, but change employers",Male
2022,12/23/2021 0:39:10,130000.0,United States,Full time employee,"DBA (Development Focus - tunes queries, indexes, does deployments)",No,20,2 (I worked at another similar position elsewhere before this one),1.0,1M+ (metropolis),Private business,"Stay with the same role, but change employers",Male
2022,12/22/2021 22:49:56,165000.0,United States,Full time employee,DBA (General - splits time evenly between writing & tuning queries AND building & troubleshooting servers),No,12,6 or more,3.0,300K-1M (large city),Private business,"Stay with the same employer,  but change roles",Male
2022,12/22/2021 22:38:49,78000.0,United States,Full time employee,Analyst,No,3,2 (I worked at another similar position elsewhere before this one),,300K-1M (large city),Private business,"Stay with the same employer, same role",Male
2022,12/22/2021 22:08:36,72000.0,United States,Full time employee,"DBA (Development Focus - tunes queries, indexes, does deployments)",No,4,1 (this is the only company where I've had this kind of position),,1M+ (metropolis),Private business,"Stay with the same role, but change employers",Male
2022,12/22/2021 21:47:37,36000.0,United States,Full time employee,DBA (General - splits time evenly between writing & tuning queries AND building & troubleshooting servers),No,5,4,2.0,300K-1M (large city),Private business,Prefer not to say,Male
2022,12/22/2021 21:17:49,80000.0,United States,Full time employee,Analyst,No,4,4,,1M+ (metropolis),Private business,"Stay with the same employer, same role",Male
2022,12/22/2021 21:11:01,72000.0,United States,Full time employee,DBA (General - splits time evenly between writing & tuning queries AND building & troubleshooting servers),No,8,3,4.0,100K-299K (city),Private business,"Stay with the same employer, same role",Female
2022,12/22/2021 20:57:22,125000.0,United States,Full time employee,Developer: T-SQL,No,7,2 (I worked at another similar position elsewhere before this one),,300K-1M (large city),Private business,"Stay with the same employer,  but change roles",Male
2022,12/22/2021 20:49:09,98000.0,United States,Full time employee,Developer: T-SQL,Yes,14,2 (I worked at another similar position elsewhere before this one),,300K-1M (large city),Private business,"Stay with the same employer, same role",Male
2022,12/22/2021 20:43:26,184000.0,United States,Full time employee,Manager,Yes,10,2 (I worked at another similar position elsewhere before this one),,300K-1M (large city),Private business,"Stay with the same employer,  but change roles",Male
2022,12/22/2021 20:30:58,150000.0,United States,Full time employee,DBA (General - splits time evenly between writing & tuning queries AND building & troubleshooting servers),No,7,2 (I worked at another similar position elsewhere before this one),,300K-1M (large city),Private business,"Stay with the same employer,  but change roles",Male
2022,12/22/2021 20:20:01,215000.0,United States,Full time employee,"DBA (Development Focus - tunes queries, indexes, does deployments)",No,20,2 (I worked at another similar position elsewhere before this one),,1M+ (metropolis),Private business,"Stay with the same employer,  but change roles",Male
2022,12/22/2021 19:54:33,90000.0,United States,Full time employee,Developer: T-SQL,No,1,2 (I worked at another similar position elsewhere before this one),,300K-1M (large city),Private business,"Stay with the same role, but change employers",Male
2022,12/22/2021 19:25:31,85000.0,United States,Full time employee,Manager,Yes,4,4,,100K-299K (city),Private business,"Stay with the same role, but change employers",Male
2022,12/22/2021 19:15:12,148000.0,United States,Full time employee,DBA (General - splits time evenly between writing & tuning queries AND building & troubleshooting servers),No,30,5,3.0,1M+ (metropolis),Private business,"Stay with the same role, but change employers",Male
2022,12/22/2021 19:09:56,83500.0,United States,Full time employee,Developer: T-SQL,No,20,3,,20K-99K (large town),Private business,"Stay with the same employer, same role",Male
2022,12/22/2021 19:05:46,101500.0,United States,Full time employee,"DBA (Production Focus - build & troubleshoot servers, HA/DR)",No,20,5,1.0,100K-299K (city),Private business,"Stay with the same employer, same role",Male
2022,12/22/2021 19:00:33,48000.0,United States,Full time employee,Developer: T-SQL,No,1,1 (this is the only company where I've had this kind of position),,100K-299K (city),Private business,"Stay with the same employer, same role",Male
2022,12/22/2021 18:55:22,75000.0,United States,Full time employee,Manager,Yes,2,1 (this is the only company where I've had this kind of position),,100K-299K (city),Private business,"Stay with the same employer, same role",Male
2022,12/22/2021 18:40:33,172000.0,United States,Full time employee,"DBA (Production Focus - build & troubleshoot servers, HA/DR)",No,23,6 or more,1.0,300K-1M (large city),Private business,"Stay with the same employer, same role",Male
2022,12/22/2021 18:38:53,115000.0,United States,Full time employee of a consulting/contracting company,"Developer: Business Intelligence (SSRS, PowerBI, etc)",Yes,7,2 (I worked at another similar position elsewhere before this one),1.0,1M+ (metropolis),Private business,"Stay with the same employer, same role",Female
2022,12/22/2021 18:36:41,120000.0,United States,Full time employee,Engineer,No,15,4,5.0,100K-299K (city),Private business,"Stay with the same employer, same role",Male
2022,12/22/2021 18:33:34,120000.0,United States,Full time employee,DBA (General - splits time evenly between writing & tuning queries AND building & troubleshooting servers),No,2,2 (I worked at another similar position elsewhere before this one),1.0,300K-1M (large city),Private business,Prefer not to say,Male
2022,12/22/2021 18:29:23,130000.0,United States,Full time employee,"DBA (Development Focus - tunes queries, indexes, does deployments)",No,3,2 (I worked at another similar position elsewhere before this one),,100K-299K (city),Private business,"Stay with the same employer, same role",Female
2022,12/22/2021 18:23:04,174000.0,United States,Full time employee,"Developer: Business Intelligence (SSRS, PowerBI, etc)",No,7,4,5.0,20K-99K (large town),Private business,"Stay with the same employer, same role",Male
2022,12/22/2021 18:19:49,120000.0,United States,Full time employee,"DBA (Development Focus - tunes queries, indexes, does deployments)",No,5,5,,300K-1M (large city),Private business,Prefer not to say,Male
2022,12/22/2021 18:16:57,110000.0,United States,Full time employee,DBA (General - splits time evenly between writing & tuning queries AND building & troubleshooting servers),No,8,2 (I worked at another similar position elsewhere before this one),,300K-1M (large city),Private business,"Stay with the same role, but change employers",Male
2022,12/22/2021 15:29:26,123500.0,United States,Full time employee,"DBA (Production Focus - build & troubleshoot servers, HA/DR)",Yes,15,1 (this is the only company where I've had this kind of position),,1M+ (metropolis),Private business,"Stay with the same employer, same role",Male
2022,12/22/2021 2:30:03,175000.0,United States,Full time employee,Engineer,No,15,5,,1M+ (metropolis),Private business,"Stay with the same role, but change employers",Male
2022,12/21/2021 22:14:34,96000.0,United States,Full time employee,"DBA (Production Focus - build & troubleshoot servers, HA/DR)",No,10,3,4.0,100K-299K (city),Private business,Change both employers and roles,Male
2022,12/19/2021 22:19:10,135000.0,United States,Full time employee,Manager,Yes,15,2 (I worked at another similar position elsewhere before this one),,20K-99K (large town),Private business,"Stay with the same employer, same role",Male
2022,12/17/2021 1:34:21,138000.0,United States,Full time employee,Developer: T-SQL,No,15,2 (I worked at another similar position elsewhere before this one),3.0,1M+ (metropolis),Private business,Prefer not to say,Male
2022,12/16/2021 22:19:09,85280.0,United States,Full time employee,Analyst,No,3,2 (I worked at another similar position elsewhere before this one),,1M+ (metropolis),Private business,Change both employers and roles,Male
2022,12/15/2021 15:32:54,182000.0,United States,Full time employee,DBA (General - splits time evenly between writing & tuning queries AND building & troubleshooting servers),No,25,6 or more,1.0,1M+ (metropolis),Private business,"Stay with the same employer, same role",Male
2022,12/15/2021 6:58:28,124000.0,United States,Full time employee,Architect,No,12,2 (I worked at another similar position elsewhere before this one),,300K-1M (large city),Private business,"Stay with the same employer, same role",Male
2022,12/13/2021 20:49:11,110000.0,United States,Full time employee,Developer: T-SQL,No,6,3,1.0,300K-1M (large city),Private business,"Stay with the same employer, same role",Male
2022,12/13/2021 19:13:19,128500.0,United States,Full time employee,DBA (General - splits time evenly between writing & tuning queries AND building & troubleshooting servers),No,12,2 (I worked at another similar position elsewhere before this one),,300K-1M (large city),Private business,"Stay with the same employer, same role",Male
2022,12/13/2021 18:15:06,90500.0,United States,Full time employee,DBA (General - splits time evenly between writing & tuning queries AND building & troubleshooting servers),No,7,1 (this is the only company where I've had this kind of position),3.0,300K-1M (large city),Private business,"Stay with the same employer, same role",Female
2022,12/11/2021 22:31:52,105000.0,United States,Full time employee,Engineer,No,3,1 (this is the only company where I've had this kind of position),,1M+ (metropolis),Private business,"Stay with the same employer, same role",Male
2022,12/11/2021 21:07:52,120000.0,United States,Full time employee,Architect,Yes,20,2 (I worked at another similar position elsewhere before this one),,100K-299K (city),Private business,"Stay with the same employer, same role",Male
2022,12/10/2021 22:27:20,148000.0,United States,Full time employee,Manager,Yes,8,1 (this is the only company where I've had this kind of position),,20K-99K (large town),Private business,"Stay with the same role, but change employers",Male
2022,12/10/2021 22:02:27,104000.0,United States,Full time employee,Developer: T-SQL,No,10,3,1.0,1M+ (metropolis),Private business,"Stay with the same employer, same role",Male
2022,12/10/2021 18:27:23,100000.0,United States,Full time employee,DBA (General - splits time evenly between writing & tuning queries AND building & troubleshooting servers),No,13,1 (this is the only company where I've had this kind of position),,100K-299K (city),Private business,"Stay with the same employer,  but change roles",Male
2022,12/10/2021 4:33:30,206000.0,United States,Full time employee,DBA (General - splits time evenly between writing & tuning queries AND building & troubleshooting servers),No,14,2 (I worked at another similar position elsewhere before this one),4.0,1M+ (metropolis),Private business,"Stay with the same employer, same role",Female
2022,12/10/2021 3:46:02,121000.0,United States,Full time employee,Developer: T-SQL,No,8,2 (I worked at another similar position elsewhere before this one),,300K-1M (large city),Private business,"Stay with the same employer, same role",Male
2022,12/9/2021 23:44:11,85320.0,United States,Full time employee,Analyst,No,3,2 (I worked at another similar position elsewhere before this one),,100K-299K (city),Private business,Prefer not to say,Male
2022,12/9/2021 3:23:30,127500.0,United States,Full time employee,"DBA (Development Focus - tunes queries, indexes, does deployments)",No,9,2 (I worked at another similar position elsewhere before this one),,300K-1M (large city),Private business,"Stay with the same employer,  but change roles",Female
2022,12/9/2021 1:06:49,136000.0,United States,Full time employee,DBA (General - splits time evenly between writing & tuning queries AND building & troubleshooting servers),Yes,25,3,1.0,100K-299K (city),Private business,"Stay with the same employer, same role",Female
2022,12/8/2021 23:33:12,97000.0,United States,Full time employee of a consulting/contracting company,DBA (General - splits time evenly between writing & tuning queries AND building & troubleshooting servers),No,15,2 (I worked at another similar position elsewhere before this one),,100K-299K (city),Private business,"Stay with the same role, but change employers",Male
2022,12/8/2021 23:30:25,160000.0,United States,Full time employee of a consulting/contracting company,Developer: T-SQL,No,1,2 (I worked at another similar position elsewhere before this one),3.0,300K-1M (large city),Private business,"Stay with the same role, but change employers",Male
2022,12/8/2021 20:27:55,89188.0,United States,Full time employee,Engineer,No,8,2 (I worked at another similar position elsewhere before this one),5.0,100K-299K (city),Private business,"Stay with the same employer, same role",Male
2022,12/8/2021 18:16:01,154800.0,United States,Full time employee,Developer: T-SQL,No,23,1 (this is the only company where I've had this kind of position),,300K-1M (large city),Private business,"Stay with the same employer, same role",Male
2022,12/8/2021 16:43:22,120000.0,United States,Full time employee,Engineer,No,8,3,1.0,20K-99K (large town),Private business,"Stay with the same employer, same role",Female
2022,12/8/2021 15:49:04,150000.0,United States,"Independent consultant, contractor, freelancer,  or company owner","Developer: App code (C#, JS, etc)",No,27,1 (this is the only company where I've had this kind of position),,100K-299K (city),Private business,"Stay with the same employer, same role",Male
2022,12/8/2021 3:16:46,91000.0,United States,Full time employee,"DBA (Production Focus - build & troubleshoot servers, HA/DR)",No,6,2 (I worked at another similar position elsewhere before this one),,300K-1M (large city),Private business,Prefer not to say,Male
2022,12/8/2021 0:32:55,98400.0,United States,Full time employee,Engineer,No,11,2 (I worked at another similar position elsewhere before this one),2.0,1M+ (metropolis),Private business,"Stay with the same employer, same role",Male
2022,12/7/2021 23:17:32,104000.0,United States,Full time employee,DBA (General - splits time evenly between writing & tuning queries AND building & troubleshooting servers),No,5,1 (this is the only company where I've had this kind of position),,100K-299K (city),Private business,"Stay with the same employer, same role",Male
2022,12/7/2021 21:13:45,178000.0,United States,Full time employee,"DBA (Production Focus - build & troubleshoot servers, HA/DR)",No,22,2 (I worked at another similar position elsewhere before this one),3.0,300K-1M (large city),Private business,"Stay with the same employer, same role",Female
2022,12/7/2021 20:53:36,185000.0,United States,Full time employee,Manager,Yes,10,2 (I worked at another similar position elsewhere before this one),,300K-1M (large city),Private business,"Stay with the same employer, same role",Male
2022,12/7/2021 18:10:52,67500.0,United States,Full time employee,"DBA (Development Focus - tunes queries, indexes, does deployments)",No,2,2 (I worked at another similar position elsewhere before this one),1.0,1M+ (metropolis),Private business,"Stay with the same employer, same role",Male
2022,12/7/2021 18:07:23,100000.0,United States,Full time employee,Analyst,Yes,10,3,1.0,1M+ (metropolis),Private business,"Stay with the same employer,  but change roles",Male
2022,12/7/2021 17:49:23,140000.0,United States,Full time employee,"DBA (Production Focus - build & troubleshoot servers, HA/DR)",No,5,1 (this is the only company where I've had this kind of position),2.0,1M+ (metropolis),Private business,Change both employers and roles,Male
2022,12/7/2021 17:11:07,45000.0,United States,Full time employee,"DBA (Development Focus - tunes queries, indexes, does deployments)",No,7,1 (this is the only company where I've had this kind of position),2.0,300K-1M (large city),Private business,"Stay with the same employer, same role",Female
2022,12/7/2021 5:02:59,140000.0,United States,Full time employee,DBA (General - splits time evenly between writing & tuning queries AND building & troubleshooting servers),No,4,3,1.0,300K-1M (large city),Private business,"Stay with the same employer, same role",Male
2022,12/7/2021 2:37:35,150000.0,United States,Full time employee,Manager,Yes,28,3,2.0,1M+ (metropolis),Private business,Change both employers and roles,Male
2022,12/6/2021 22:19:07,142000.0,United States,Full time employee,DBA (General - splits time evenly between writing & tuning queries AND building & troubleshooting servers),Yes,30,2 (I worked at another similar position elsewhere before this one),,100K-299K (city),Private business,"Stay with the same employer, same role",Female
2022,12/6/2021 22:13:46,137200.0,United States,Full time employee,"DBA (Development Focus - tunes queries, indexes, does deployments)",Yes,4,6 or more,2.0,1M+ (metropolis),Private business,"Stay with the same employer,  but change roles",Male
2022,12/6/2021 21:52:49,122000.0,United States,Full time employee,Developer: T-SQL,No,25,3,,300K-1M (large city),Private business,"Stay with the same employer, same role",Male
2022,12/6/2021 21:22:49,125000.0,United States,Full time employee,DBA (General - splits time evenly between writing & tuning queries AND building & troubleshooting servers),No,10,5,,1M+ (metropolis),Private business,"Stay with the same employer, same role",Female
2022,12/6/2021 19:37:01,133000.0,United States,Full time employee,"DBA (Production Focus - build & troubleshoot servers, HA/DR)",No,20,3,,1M+ (metropolis),Private business,"Stay with the same employer, same role",Male
2022,12/6/2021 18:46:46,95000.0,United States,Full time employee,"Developer: App code (C#, JS, etc)",No,15,2 (I worked at another similar position elsewhere before this one),,1M+ (metropolis),Private business,"Stay with the same employer, same role",Male
2022,12/6/2021 17:27:37,154000.0,United States,Full time employee,"DBA (Production Focus - build & troubleshoot servers, HA/DR)",No,10,4,5.0,1M+ (metropolis),Private business,Prefer not to say,Male
2022,12/6/2021 16:42:34,123000.0,United States,Full time employee,"Developer: Business Intelligence (SSRS, PowerBI, etc)",No,18,2 (I worked at another similar position elsewhere before this one),4.0,1M+ (metropolis),Private business,"Stay with the same role, but change employers",Female
2022,12/6/2021 16:37:36,135000.0,United States,Full time employee,Manager,Yes,7,1 (this is the only company where I've had this kind of position),,300K-1M (large city),Private business,"Stay with the same employer,  but change roles",Male
2022,12/6/2021 15:54:56,100000.0,United States,Full time employee,Engineer,No,5,2 (I worked at another similar position elsewhere before this one),5.0,300K-1M (large city),Private business,"Stay with the same employer, same role",Female
2022,12/6/2021 15:22:30,132000.0,United States,Full time employee,"DBA (Production Focus - build & troubleshoot servers, HA/DR)",No,15,6 or more,3.0,20K-99K (large town),Private business,Change both employers and roles,Male
2022,12/5/2021 22:23:56,132000.0,United States,Full time employee,Manager,Yes,10,4,,1M+ (metropolis),Private business,"Stay with the same employer, same role",Female
2022,12/5/2021 19:42:57,110000.0,United States,Full time employee,Developer: T-SQL,No,12,2 (I worked at another similar position elsewhere before this one),,1M+ (metropolis),Private business,"Stay with the same employer, same role",Male
2022,12/5/2021 17:54:30,175000.0,United States,Full time employee,Architect,No,25,3,1.0,1M+ (metropolis),Private business,"Stay with the same employer, same role",Female
2022,12/5/2021 0:14:39,152000.0,United States,Full time employee,Engineer,No,31,6 or more,,1M+ (metropolis),Private business,"Stay with the same employer, same role",Male
2022,12/4/2021 20:41:02,210000.0,United States,Full time employee of a consulting/contracting company,Architect,Yes,20,6 or more,,1M+ (metropolis),Private business,"Stay with the same employer,  but change roles",Male
2022,12/4/2021 17:48:21,148000.0,United States,Full time employee,Engineer,No,9,2 (I worked at another similar position elsewhere before this one),,300K-1M (large city),Private business,"Stay with the same employer,  but change roles",Male
2022,12/4/2021 17:34:19,157000.0,United States,Full time employee,DBA (General - splits time evenly between writing & tuning queries AND building & troubleshooting servers),No,16,1 (this is the only company where I've had this kind of position),,300K-1M (large city),Private business,"Stay with the same employer, same role",Male
2022,12/4/2021 16:50:16,120000.0,United States,Full time employee,"Developer: App code (C#, JS, etc)",No,6,2 (I worked at another similar position elsewhere before this one),4.0,300K-1M (large city),Private business,"Stay with the same employer, same role",Male
2022,12/4/2021 16:47:23,135000.0,United States,Full time employee,Architect,Yes,4,1 (this is the only company where I've had this kind of position),1.0,300K-1M (large city),Private business,"Stay with the same role, but change employers",Male
2022,12/4/2021 16:31:46,150000.0,United States,Full time employee,"Developer: App code (C#, JS, etc)",No,17,2 (I worked at another similar position elsewhere before this one),,1M+ (metropolis),Private business,"Stay with the same employer, same role",Male
2022,12/4/2021 15:39:48,160000.0,United States,Full time employee,Architect,Yes,5,2 (I worked at another similar position elsewhere before this one),,1M+ (metropolis),Private business,"Stay with the same employer, same role",Male
2022,12/4/2021 15:22:11,150000.0,United States,Full time employee of a consulting/contracting company,Architect,No,22,2 (I worked at another similar position elsewhere before this one),,300K-1M (large city),Private business,"Stay with the same employer,  but change roles",Female
2022,12/4/2021 15:08:53,178000.0,United States,Full time employee,"DBA (Development Focus - tunes queries, indexes, does deployments)",No,20,3,2.0,100K-299K (city),Private business,"Stay with the same employer, same role",Male
2022,12/4/2021 14:54:21,43330.0,United States,"Independent consultant, contractor, freelancer,  or company owner",Engineer,No,25,1 (this is the only company where I've had this kind of position),2.0,100K-299K (city),Private business,"Stay with the same employer, same role",Male
2022,12/4/2021 14:29:58,173500.0,United States,Full time employee of a consulting/contracting company,"DBA (Development Focus - tunes queries, indexes, does deployments)",No,3,3,2.0,1M+ (metropolis),Private business,Change both employers and roles,Male
2022,12/4/2021 14:01:23,116000.0,United States,Full time employee,Developer: T-SQL,No,25,3,3.0,1M+ (metropolis),Private business,"Stay with the same employer, same role",Male
2022,12/4/2021 13:21:51,93000.0,United States,Full time employee,Engineer,Yes,12,2 (I worked at another similar position elsewhere before this one),4.0,300K-1M (large city),Private business,"Stay with the same employer, same role",Female
2022,12/4/2021 8:54:26,600000.0,United States,Full time employee,DBA (General - splits time evenly between writing & tuning queries AND building & troubleshooting servers),No,20,6 or more,,300K-1M (large city),Private business,"Stay with the same employer, same role",Male
2022,12/4/2021 8:50:41,99500.0,United States,Full time employee,"DBA (Development Focus - tunes queries, indexes, does deployments)",No,20,1 (this is the only company where I've had this kind of position),,300K-1M (large city),Private business,"Stay with the same role, but change employers",Male
2022,12/4/2021 6:09:54,110000.0,United States,Full time employee,DBA (General - splits time evenly between writing & tuning queries AND building & troubleshooting servers),No,25,3,,1M+ (metropolis),Private business,"Stay with the same employer, same role",Male
2022,12/4/2021 5:57:59,132000.0,United States,Full time employee,"Developer: App code (C#, JS, etc)",No,8,2 (I worked at another similar position elsewhere before this one),,300K-1M (large city),Private business,"Stay with the same role, but change employers",Male
2022,12/4/2021 4:23:57,161000.0,United States,"Independent consultant, contractor, freelancer,  or company owner","Developer: Business Intelligence (SSRS, PowerBI, etc)",No,5,3,2.0,1M+ (metropolis),Private business,"Stay with the same employer, same role",Female
2022,12/4/2021 0:13:34,108000.0,United States,Full time employee,DBA (General - splits time evenly between writing & tuning queries AND building & troubleshooting servers),No,20,3,4.0,100K-299K (city),Private business,"Stay with the same employer, same role",Male
2022,12/3/2021 22:05:59,139000.0,United States,Full time employee,"DBA (Development Focus - tunes queries, indexes, does deployments)",No,15,5,,1M+ (metropolis),Private business,"Stay with the same employer, same role",Male
2022,12/3/2021 21:28:13,105000.0,United States,Full time employee,DBA (General - splits time evenly between writing & tuning queries AND building & troubleshooting servers),No,7,2 (I worked at another similar position elsewhere before this one),3.0,300K-1M (large city),Private business,"Stay with the same employer,  but change roles",Male
2022,12/3/2021 21:13:37,204000.0,United States,Full time employee,Manager,Yes,3,1 (this is the only company where I've had this kind of position),,300K-1M (large city),Private business,"Stay with the same employer, same role",Male
2022,12/3/2021 21:03:31,118000.0,United States,Full time employee of a consulting/contracting company,Engineer,No,1,1 (this is the only company where I've had this kind of position),,300K-1M (large city),Private business,"Stay with the same employer, same role",Male
2022,12/3/2021 20:40:29,145000.0,United States,Full time employee,Manager,Yes,22,3,,300K-1M (large city),Private business,"Stay with the same employer, same role",Male
2022,12/3/2021 20:31:56,130000.0,United States,Full time employee,DBA (General - splits time evenly between writing & tuning queries AND building & troubleshooting servers),No,7,5,4.0,1M+ (metropolis),Private business,"Stay with the same employer, same role",Male
2022,12/3/2021 20:18:56,105000.0,United States,Full time employee,Analyst,Yes,5,2 (I worked at another similar position elsewhere before this one),2.0,1M+ (metropolis),Private business,"Stay with the same employer, same role",Male
2022,12/3/2021 19:45:20,119350.0,United States,Full time employee,DBA (General - splits time evenly between writing & tuning queries AND building & troubleshooting servers),No,2,2 (I worked at another similar position elsewhere before this one),1.0,1M+ (metropolis),Private business,"Stay with the same employer, same role",Male
2022,12/3/2021 19:37:57,128000.0,United States,Full time employee,"DBA (Development Focus - tunes queries, indexes, does deployments)",No,14,3,4.0,300K-1M (large city),Private business,"Stay with the same employer,  but change roles",Male
2022,12/3/2021 19:26:12,130000.0,United States,Full time employee,Architect,No,5,4,,300K-1M (large city),Private business,"Stay with the same role, but change employers",Male
2022,12/3/2021 19:24:53,103000.0,United States,Full time employee,Architect,No,10,1 (this is the only company where I've had this kind of position),,300K-1M (large city),Private business,Change both employers and roles,Male
2022,12/3/2021 19:15:01,138000.0,United States,Full time employee,"DBA (Production Focus - build & troubleshoot servers, HA/DR)",No,12,2 (I worked at another similar position elsewhere before this one),,1M+ (metropolis),Private business,Change both employers and roles,Male
2022,12/3/2021 19:07:04,160000.0,United States,Full time employee,"DBA (Production Focus - build & troubleshoot servers, HA/DR)",No,3,4,,1M+ (metropolis),Private business,"Stay with the same employer,  but change roles",Male
2022,12/3/2021 19:05:29,164450.0,United States,Full time employee,Architect,No,1,1 (this is the only company where I've had this kind of position),1.0,1M+ (metropolis),Private business,"Stay with the same employer, same role",Male
2022,12/3/2021 18:59:29,142000.0,United States,Full time employee,Developer: T-SQL,Yes,6,2 (I worked at another similar position elsewhere before this one),1.0,300K-1M (large city),Private business,Prefer not to say,Male
2022,12/3/2021 18:40:39,140000.0,United States,"Independent consultant, contractor, freelancer,  or company owner","DBA (Production Focus - build & troubleshoot servers, HA/DR)",Yes,20,6 or more,5.0,100K-299K (city),Private business,"Stay with the same employer, same role",Male
2022,12/3/2021 18:16:43,90000.0,United States,Full time employee,"DBA (Production Focus - build & troubleshoot servers, HA/DR)",No,6,1 (this is the only company where I've had this kind of position),,300K-1M (large city),Private business,"Stay with the same employer, same role",Male
2022,12/3/2021 16:48:01,100000.0,United States,Full time employee,Architect,No,3,2 (I worked at another similar position elsewhere before this one),,300K-1M (large city),Private business,"Stay with the same employer,  but change roles",Male
2022,12/3/2021 15:20:00,122600.0,United States,Full time employee,"DBA (Production Focus - build & troubleshoot servers, HA/DR)",No,5,1 (this is the only company where I've had this kind of position),1.0,1M+ (metropolis),Private business,Prefer not to say,Male
2022,12/3/2021 14:58:22,120000.0,United States,Full time employee,DBA (General - splits time evenly between writing & tuning queries AND building & troubleshooting servers),No,15,6 or more,,1M+ (metropolis),Private business,"Stay with the same role, but change employers",Male
2022,12/3/2021 14:19:31,75000.0,United States,"Independent consultant, contractor, freelancer,  or company owner",Analyst,No,6,1 (this is the only company where I've had this kind of position),2.0,300K-1M (large city),Private business,Prefer not to say,Female
2022,12/3/2021 13:53:18,92500.0,United States,Full time employee,DBA (General - splits time evenly between writing & tuning queries AND building & troubleshooting servers),Yes,2,1 (this is the only company where I've had this kind of position),1.0,100K-299K (city),Private business,"Stay with the same employer, same role",Male
2022,12/3/2021 10:00:42,50000.0,United States,Full time employee,Analyst,No,1,1 (this is the only company where I've had this kind of position),1.0,1M+ (metropolis),Private business,Change both employers and roles,Male
2022,12/3/2021 7:36:48,116000.0,United States,Full time employee,DBA (General - splits time evenly between writing & tuning queries AND building & troubleshooting servers),Yes,10,1 (this is the only company where I've had this kind of position),,1M+ (metropolis),Private business,"Stay with the same employer, same role",Male
2022,12/3/2021 4:06:08,175000.0,United States,Full time employee,"DBA (Development Focus - tunes queries, indexes, does deployments)",No,23,5,,300K-1M (large city),Private business,Change both employers and roles,Male
2022,12/3/2021 1:35:43,83000.0,United States,Full time employee,"DBA (Development Focus - tunes queries, indexes, does deployments)",No,3,1 (this is the only company where I've had this kind of position),3.0,1M+ (metropolis),Private business,"Stay with the same employer, same role",Male
2022,12/3/2021 1:07:06,145000.0,United States,Full time employee of a consulting/contracting company,Manager,Yes,10,1 (this is the only company where I've had this kind of position),,1M+ (metropolis),Private business,"Stay with the same employer, same role",Male
2022,12/2/2021 23:47:33,130000.0,United States,Full time employee of a consulting/contracting company,"Developer: App code (C#, JS, etc)",Yes,10,3,,1M+ (metropolis),Private business,"Stay with the same employer, same role",Male
2022,12/2/2021 23:40:42,123000.0,United States,Full time employee,"Developer: Business Intelligence (SSRS, PowerBI, etc)",No,28,5,2.0,1M+ (metropolis),Private business,"Stay with the same employer, same role",Male
2022,12/2/2021 22:51:20,115000.0,United States,Full time employee,"Developer: Business Intelligence (SSRS, PowerBI, etc)",No,8,2 (I worked at another similar position elsewhere before this one),,300K-1M (large city),Private business,Change both employers and roles,Male
2022,12/2/2021 22:24:32,140000.0,United States,Full time employee,Engineer,No,16,4,,300K-1M (large city),Private business,"Stay with the same role, but change employers",Male
2022,12/2/2021 22:08:59,120000.0,United States,Full time employee,Analyst,No,6,2 (I worked at another similar position elsewhere before this one),4.0,100K-299K (city),Private business,"Stay with the same employer, same role",Male
2022,12/2/2021 21:21:49,115000.0,United States,Full time employee,"DBA (Development Focus - tunes queries, indexes, does deployments)",No,7,1 (this is the only company where I've had this kind of position),1.0,300K-1M (large city),Private business,"Stay with the same employer, same role",Male
2022,12/2/2021 21:20:10,120000.0,United States,Full time employee,DBA (General - splits time evenly between writing & tuning queries AND building & troubleshooting servers),Yes,10,2 (I worked at another similar position elsewhere before this one),3.0,1M+ (metropolis),Private business,"Stay with the same employer, same role",Male
2022,12/2/2021 19:24:20,168000.0,United States,Full time employee,Manager,Yes,5,1 (this is the only company where I've had this kind of position),,1M+ (metropolis),Private business,"Stay with the same employer, same role",Male
2022,12/2/2021 19:18:40,220000.0,United States,Full time employee,Manager,Yes,15,3,,300K-1M (large city),Private business,"Stay with the same employer, same role",Male
2022,12/2/2021 19:12:11,117000.0,United States,Full time employee,"DBA (Production Focus - build & troubleshoot servers, HA/DR)",No,15,3,,100K-299K (city),Private business,"Stay with the same employer, same role",Female
2022,12/2/2021 18:47:54,100245.0,United States,Full time employee,"Developer: App code (C#, JS, etc)",No,27,6 or more,3.0,100K-299K (city),Private business,Prefer not to say,Male
2022,12/2/2021 18:40:55,150000.0,United States,Full time employee,DBA (General - splits time evenly between writing & tuning queries AND building & troubleshooting servers),Yes,21,6 or more,5.0,1M+ (metropolis),Private business,"Stay with the same role, but change employers",Male
2022,12/2/2021 18:32:19,137000.0,United States,Full time employee,Manager,Yes,2,2 (I worked at another similar position elsewhere before this one),,300K-1M (large city),Private business,"Stay with the same employer, same role",Female
2022,12/2/2021 18:17:08,135000.0,United States,Full time employee,DBA (General - splits time evenly between writing & tuning queries AND building & troubleshooting servers),No,45,6 or more,1.0,1M+ (metropolis),Private business,"Stay with the same employer,  but change roles",Male
2022,12/2/2021 18:13:58,143502.0,United States,Full time employee,Developer: T-SQL,No,15,3,3.0,1M+ (metropolis),Private business,"Stay with the same employer, same role",Male
2022,12/2/2021 18:09:14,250000.0,United States,"Independent consultant, contractor, freelancer,  or company owner",Architect,No,16,3,,1M+ (metropolis),Private business,"Stay with the same employer, same role",Male
2022,12/2/2021 17:57:35,120000.0,United States,Full time employee,"DBA (Production Focus - build & troubleshoot servers, HA/DR)",No,2,1 (this is the only company where I've had this kind of position),3.0,300K-1M (large city),Private business,"Stay with the same employer, same role",Male
2022,12/2/2021 17:23:41,178000.0,United States,Full time employee,Other,Yes,12,1 (this is the only company where I've had this kind of position),,1M+ (metropolis),Private business,"Stay with the same employer, same role",Male
2022,12/2/2021 17:09:54,145000.0,United States,Full time employee,Developer: T-SQL,No,15,3,2.0,1M+ (metropolis),Private business,"Stay with the same employer, same role",Male
2022,12/2/2021 17:08:00,148000.0,United States,Full time employee,Engineer,No,15,1 (this is the only company where I've had this kind of position),,300K-1M (large city),Private business,"Stay with the same employer, same role",Male
2022,12/2/2021 16:39:52,117500.0,United States,Full time employee,Analyst,No,22,6 or more,,100K-299K (city),Private business,"Stay with the same employer, same role",Male
2022,12/2/2021 16:24:44,133000.0,United States,Full time employee,"DBA (Production Focus - build & troubleshoot servers, HA/DR)",No,16,6 or more,5.0,100K-299K (city),Private business,"Stay with the same employer, same role",Male
2022,12/2/2021 16:24:15,115000.0,United States,Full time employee,DBA (General - splits time evenly between writing & tuning queries AND building & troubleshooting servers),No,16,3,,100K-299K (city),Private business,"Stay with the same employer, same role",Male
2022,12/2/2021 16:15:22,144000.0,United States,Full time employee,Manager,Yes,17,4,,1M+ (metropolis),Private business,Change both employers and roles,Male
2022,12/2/2021 16:14:19,125000.0,United States,Full time employee,"DBA (Production Focus - build & troubleshoot servers, HA/DR)",No,21,1 (this is the only company where I've had this kind of position),3.0,300K-1M (large city),Private business,"Stay with the same employer, same role",Female
2022,12/2/2021 15:51:36,114000.0,United States,Full time employee of a consulting/contracting company,DBA (General - splits time evenly between writing & tuning queries AND building & troubleshooting servers),No,20,3,2.0,100K-299K (city),Private business,"Stay with the same employer, same role",Female
2022,12/2/2021 15:21:43,86000.0,United States,Full time employee,DBA (General - splits time evenly between writing & tuning queries AND building & troubleshooting servers),No,11,2 (I worked at another similar position elsewhere before this one),2.0,"<= 20,000 (town)",Private business,Prefer not to say,Male
2022,12/2/2021 15:21:31,106000.0,United States,Full time employee,Architect,No,26,6 or more,,1M+ (metropolis),Private business,"Stay with the same employer, same role",Male
2022,12/2/2021 15:11:42,130000.0,United States,Full time employee,"DBA (Development Focus - tunes queries, indexes, does deployments)",No,20,6 or more,,20K-99K (large town),Private business,Prefer not to say,Male
2022,12/2/2021 15:06:12,139500.0,United States,Full time employee,Manager,Yes,28,3,,300K-1M (large city),Private business,Prefer not to say,Male
2022,12/2/2021 14:54:28,133000.0,United States,Full time employee,Developer: T-SQL,No,3,1 (this is the only company where I've had this kind of position),1.0,1M+ (metropolis),Private business,"Stay with the same employer,  but change roles",Male
2022,12/2/2021 14:37:55,62000.0,United States,Full time employee,Analyst,No,4,2 (I worked at another similar position elsewhere before this one),1.0,1M+ (metropolis),Private business,Prefer not to say,Male
2022,12/2/2021 14:28:29,90000.0,United States,Full time employee,Developer: T-SQL,No,6,1 (this is the only company where I've had this kind of position),3.0,100K-299K (city),Private business,"Stay with the same role, but change employers",Female
2022,12/2/2021 14:10:47,83000.0,United States,Full time employee,DBA (General - splits time evenly between writing & tuning queries AND building & troubleshooting servers),No,4,1 (this is the only company where I've had this kind of position),4.0,300K-1M (large city),Private business,"Stay with the same employer,  but change roles",Male
2022,12/2/2021 14:09:13,105000.0,United States,Full time employee,Engineer,No,5,5,,100K-299K (city),Private business,"Stay with the same employer, same role",Male
2022,12/2/2021 14:02:39,105542.0,United States,Full time employee,"Developer: Business Intelligence (SSRS, PowerBI, etc)",No,22,2 (I worked at another similar position elsewhere before this one),,1M+ (metropolis),Private business,"Stay with the same employer, same role",Male
2022,12/2/2021 14:02:33,151000.0,United States,Full time employee,DBA (General - splits time evenly between writing & tuning queries AND building & troubleshooting servers),No,4,2 (I worked at another similar position elsewhere before this one),,1M+ (metropolis),Private business,"Stay with the same employer, same role",Male
2022,12/2/2021 13:47:29,190000.0,United States,Full time employee,"Developer: App code (C#, JS, etc)",No,20,2 (I worked at another similar position elsewhere before this one),3.0,1M+ (metropolis),Private business,"Stay with the same role, but change employers",Male
2022,12/2/2021 13:43:48,75000.0,United States,Full time employee,Developer: T-SQL,No,5,3,,1M+ (metropolis),Private business,"Stay with the same employer, same role",Male
2022,12/2/2021 13:28:38,170000.0,United States,Full time employee,Manager,Yes,1,1 (this is the only company where I've had this kind of position),,1M+ (metropolis),Private business,"Stay with the same employer, same role",Male
2022,12/2/2021 13:18:54,175000.0,United States,Full time employee,Developer: T-SQL,No,18,4,,1M+ (metropolis),Private business,"Stay with the same employer, same role",Male
2022,12/2/2021 13:09:19,116000.0,United States,Full time employee,Analyst,No,10,3,3.0,100K-299K (city),Private business,"Stay with the same employer,  but change roles",Male
2022,12/2/2021 8:03:39,135000.0,United States,Full time employee,Engineer,No,14,4,,1M+ (metropolis),Private business,"Stay with the same employer, same role",Male
2022,12/2/2021 7:02:21,106211.0,United States,Full time employee,Developer: T-SQL,No,10,1 (this is the only company where I've had this kind of position),2.0,1M+ (metropolis),Private business,Change both employers and roles,Male
2022,12/2/2021 6:51:07,105000.0,United States,Full time employee,DBA (General - splits time evenly between writing & tuning queries AND building & troubleshooting servers),No,6,2 (I worked at another similar position elsewhere before this one),2.0,1M+ (metropolis),Private business,"Stay with the same employer, same role",Male
2022,12/2/2021 6:46:50,142000.0,United States,Full time employee,"DBA (Production Focus - build & troubleshoot servers, HA/DR)",No,6,2 (I worked at another similar position elsewhere before this one),5.0,300K-1M (large city),Private business,"Stay with the same employer, same role",Male
2022,12/2/2021 6:11:20,131000.0,United States,Full time employee,DBA (General - splits time evenly between writing & tuning queries AND building & troubleshooting servers),No,26,3,2.0,1M+ (metropolis),Private business,Prefer not to say,Male
2022,12/2/2021 5:48:26,85000.0,United States,Full time employee,Analyst,No,3,1 (this is the only company where I've had this kind of position),3.0,300K-1M (large city),Private business,"Stay with the same employer,  but change roles",Male
2022,12/2/2021 5:27:35,101500.0,United States,Full time employee,Developer: T-SQL,No,15,3,,300K-1M (large city),Private business,"Stay with the same employer, same role",Male
2022,12/2/2021 3:45:18,80005.0,United States,Full time employee,Engineer,No,2,1 (this is the only company where I've had this kind of position),2.0,1M+ (metropolis),Private business,"Stay with the same employer,  but change roles",Male
2022,12/2/2021 3:40:50,140000.0,United States,Full time employee,DBA (General - splits time evenly between writing & tuning queries AND building & troubleshooting servers),No,10,2 (I worked at another similar position elsewhere before this one),1.0,1M+ (metropolis),Private business,"Stay with the same role, but change employers",Male
2022,12/2/2021 3:35:52,152000.0,United States,Full time employee,Architect,Yes,20,6 or more,,1M+ (metropolis),Private business,"Stay with the same employer,  but change roles",Male
2022,12/2/2021 3:23:12,110000.0,United States,Full time employee,"DBA (Production Focus - build & troubleshoot servers, HA/DR)",No,25,5,2.0,300K-1M (large city),Private business,"Stay with the same employer, same role",Male
2022,12/2/2021 2:33:56,72000.0,United States,Full time employee,Analyst,No,1,2 (I worked at another similar position elsewhere before this one),1.0,"<= 20,000 (town)",Private business,"Stay with the same employer, same role",Male
2022,12/2/2021 2:25:37,160000.0,United States,Full time employee,"DBA (Development Focus - tunes queries, indexes, does deployments)",No,15,4,5.0,1M+ (metropolis),Private business,"Stay with the same employer, same role",Male
2022,12/2/2021 2:24:26,140000.0,United States,Full time employee,Manager,Yes,1,1 (this is the only company where I've had this kind of position),4.0,300K-1M (large city),Private business,"Stay with the same employer, same role",Male
2022,12/2/2021 2:07:30,136000.0,United States,Full time employee,"DBA (Production Focus - build & troubleshoot servers, HA/DR)",No,24,4,2.0,1M+ (metropolis),Private business,"Stay with the same employer, same role",Male
2022,12/2/2021 1:45:53,150000.0,United States,Full time employee,DBA (General - splits time evenly between writing & tuning queries AND building & troubleshooting servers),No,8,2 (I worked at another similar position elsewhere before this one),,1M+ (metropolis),Private business,"Stay with the same employer, same role",Male
2022,12/2/2021 1:29:16,140000.0,United States,Full time employee,Architect,Yes,20,5,,100K-299K (city),Private business,"Stay with the same role, but change employers",Male
2022,12/2/2021 0:47:08,114000.0,United States,Full time employee,"DBA (Production Focus - build & troubleshoot servers, HA/DR)",No,6,2 (I worked at another similar position elsewhere before this one),4.0,1M+ (metropolis),Private business,"Stay with the same employer, same role",Male
2022,12/2/2021 0:14:17,158000.0,United States,Full time employee,"Developer: App code (C#, JS, etc)",Yes,35,2 (I worked at another similar position elsewhere before this one),,1M+ (metropolis),Private business,"Stay with the same employer, same role",Male
2022,12/2/2021 0:00:21,92000.0,United States,Full time employee,DBA (General - splits time evenly between writing & tuning queries AND building & troubleshooting servers),No,7,2 (I worked at another similar position elsewhere before this one),4.0,1M+ (metropolis),Private business,Prefer not to say,Male
2022,12/1/2021 23:59:54,173000.0,United States,Full time employee,Architect,No,8,1 (this is the only company where I've had this kind of position),,300K-1M (large city),Private business,"Stay with the same employer, same role",Male
2022,12/1/2021 23:47:57,140000.0,United States,Full time employee,"Developer: Business Intelligence (SSRS, PowerBI, etc)",Yes,20,2 (I worked at another similar position elsewhere before this one),3.0,1M+ (metropolis),Private business,"Stay with the same employer,  but change roles",Male
2022,12/1/2021 23:31:01,125000.0,United States,Full time employee,Developer: T-SQL,No,13,1 (this is the only company where I've had this kind of position),,1M+ (metropolis),Private business,"Stay with the same employer, same role",Male
2022,12/1/2021 23:27:11,171290.0,United States,Full time employee,DBA (General - splits time evenly between writing & tuning queries AND building & troubleshooting servers),Yes,25,2 (I worked at another similar position elsewhere before this one),4.0,300K-1M (large city),Private business,"Stay with the same employer, same role",Male
2022,12/1/2021 23:17:34,107000.0,United States,Full time employee,Data Scientist,No,3,2 (I worked at another similar position elsewhere before this one),1.0,1M+ (metropolis),Private business,"Stay with the same employer, same role",Male
2022,12/1/2021 23:17:34,81000.0,United States,Full time employee,DBA (General - splits time evenly between writing & tuning queries AND building & troubleshooting servers),No,2,1 (this is the only company where I've had this kind of position),3.0,300K-1M (large city),Private business,"Stay with the same role, but change employers",Male
2022,12/1/2021 23:09:34,110000.0,United States,Full time employee,"DBA (Development Focus - tunes queries, indexes, does deployments)",No,7,2 (I worked at another similar position elsewhere before this one),1.0,1M+ (metropolis),Private business,"Stay with the same employer, same role",Male
2022,12/1/2021 23:06:31,115000.0,United States,Full time employee,DBA (General - splits time evenly between writing & tuning queries AND building & troubleshooting servers),No,12,2 (I worked at another similar position elsewhere before this one),,1M+ (metropolis),Private business,"Stay with the same employer, same role",Male
2022,12/1/2021 23:05:58,175000.0,United States,Full time employee,Engineer,Yes,4,2 (I worked at another similar position elsewhere before this one),,300K-1M (large city),Private business,"Stay with the same employer, same role",Male
2022,12/1/2021 23:01:58,160000.0,United States,Full time employee,Architect,Yes,10,4,2.0,1M+ (metropolis),Private business,"Stay with the same role, but change employers",Male
2022,12/1/2021 22:48:17,110000.0,United States,Full time employee,Manager,Yes,1,1 (this is the only company where I've had this kind of position),,1M+ (metropolis),Private business,"Stay with the same employer, same role",Male
2022,12/1/2021 22:25:49,260000.0,United States,Full time employee,Engineer,No,25,6 or more,,1M+ (metropolis),Private business,"Stay with the same employer, same role",Male
2022,12/1/2021 22:25:46,66300.0,United States,Full time employee,DBA (General - splits time evenly between writing & tuning queries AND building & troubleshooting servers),No,10,2 (I worked at another similar position elsewhere before this one),,100K-299K (city),Private business,"Stay with the same employer, same role",Male
2022,12/1/2021 22:22:47,100000.0,United States,Full time employee,DBA (General - splits time evenly between writing & tuning queries AND building & troubleshooting servers),No,2,2 (I worked at another similar position elsewhere before this one),2.0,1M+ (metropolis),Private business,"Stay with the same employer, same role",Male
2022,12/1/2021 22:21:44,50000.0,United States,Full time employee of a consulting/contracting company,Data Scientist,No,1,1 (this is the only company where I've had this kind of position),2.0,100K-299K (city),Private business,"Stay with the same employer, same role",Male
2022,12/1/2021 22:20:39,210000.0,United States,Full time employee,Architect,Yes,5,2 (I worked at another similar position elsewhere before this one),1.0,300K-1M (large city),Private business,"Stay with the same employer, same role",Male
2022,12/1/2021 22:07:48,118000.0,United States,Full time employee,Engineer,No,2,1 (this is the only company where I've had this kind of position),,300K-1M (large city),Private business,"Stay with the same employer, same role",Female
2022,12/1/2021 22:02:42,130000.0,United States,Full time employee,"Developer: App code (C#, JS, etc)",No,20,6 or more,4.0,1M+ (metropolis),Private business,"Stay with the same employer, same role",Male
2022,12/1/2021 21:59:04,150000.0,United States,Full time employee,Manager,Yes,2,2 (I worked at another similar position elsewhere before this one),,300K-1M (large city),Private business,"Stay with the same employer, same role",Male
2022,12/1/2021 21:49:33,195000.0,United States,"Independent consultant, contractor, freelancer,  or company owner",Architect,Yes,25,6 or more,,300K-1M (large city),Private business,"Stay with the same employer, same role",Male
2022,12/1/2021 21:45:26,136000.0,United States,Full time employee,DBA (General - splits time evenly between writing & tuning queries AND building & troubleshooting servers),Yes,20,5,1.0,300K-1M (large city),Private business,"Stay with the same employer, same role",Male
2022,12/1/2021 21:45:14,145000.0,United States,Full time employee,"Developer: App code (C#, JS, etc)",No,16,3,,300K-1M (large city),Private business,"Stay with the same employer, same role",Female
2022,12/1/2021 21:35:44,98500.0,United States,Full time employee,DBA (General - splits time evenly between writing & tuning queries AND building & troubleshooting servers),No,15,2 (I worked at another similar position elsewhere before this one),,1M+ (metropolis),Private business,"Stay with the same employer, same role",Male
2022,12/1/2021 21:31:26,170000.0,United States,Full time employee,Architect,Yes,3,3,,300K-1M (large city),Private business,"Stay with the same employer, same role",Male
2022,12/1/2021 21:26:04,421163.0,United States,Full time employee,Manager,Yes,21,6 or more,,1M+ (metropolis),Private business,"Stay with the same employer, same role",Male
2022,12/1/2021 21:23:18,102000.0,United States,Full time employee,"DBA (Development Focus - tunes queries, indexes, does deployments)",No,1,1 (this is the only company where I've had this kind of position),,300K-1M (large city),Private business,"Stay with the same role, but change employers",Male
2022,12/1/2021 21:20:54,100000.0,United States,Full time employee,DBA (General - splits time evenly between writing & tuning queries AND building & troubleshooting servers),No,5,2 (I worked at another similar position elsewhere before this one),2.0,300K-1M (large city),Private business,Prefer not to say,Female
2022,12/1/2021 21:16:45,110000.0,United States,Full time employee,DBA (General - splits time evenly between writing & tuning queries AND building & troubleshooting servers),No,8,2 (I worked at another similar position elsewhere before this one),,1M+ (metropolis),Private business,Change both employers and roles,Male
2022,12/1/2021 21:06:04,96000.0,United States,Full time employee,Developer: T-SQL,No,2,2 (I worked at another similar position elsewhere before this one),,300K-1M (large city),Private business,"Stay with the same employer, same role",Male
2022,12/1/2021 21:05:53,95000.0,United States,Full time employee,DBA (General - splits time evenly between writing & tuning queries AND building & troubleshooting servers),No,10,3,,300K-1M (large city),Private business,"Stay with the same employer, same role",Male
2022,12/1/2021 21:03:06,95000.0,United States,Full time employee,Developer: T-SQL,No,7,4,5.0,20K-99K (large town),Private business,"Stay with the same employer, same role",Male
2022,12/1/2021 21:01:33,155000.0,United States,Full time employee,"DBA (Development Focus - tunes queries, indexes, does deployments)",Yes,21,1 (this is the only company where I've had this kind of position),4.0,1M+ (metropolis),Private business,Prefer not to say,Male
2022,12/1/2021 20:59:09,105000.0,United States,Full time employee,Analyst,No,6,2 (I worked at another similar position elsewhere before this one),1.0,20K-99K (large town),Private business,"Stay with the same employer,  but change roles",Female
2022,12/1/2021 20:52:40,142800.0,United States,Full time employee of a consulting/contracting company,Architect,No,21,6 or more,4.0,1M+ (metropolis),Private business,"Stay with the same employer, same role",Male
2022,12/1/2021 20:45:52,215000.0,United States,Full time employee,Developer: T-SQL,No,9,1 (this is the only company where I've had this kind of position),,100K-299K (city),Private business,Change both employers and roles,Male
2022,12/1/2021 20:44:36,150000.0,United States,Full time employee,Analyst,Yes,15,1 (this is the only company where I've had this kind of position),,100K-299K (city),Private business,"Stay with the same employer, same role",Male
2022,12/1/2021 20:43:38,150000.0,United States,Full time employee,DBA (General - splits time evenly between writing & tuning queries AND building & troubleshooting servers),No,10,4,1.0,1M+ (metropolis),Private business,"Stay with the same employer, same role",Male
2022,12/1/2021 20:42:34,125000.0,United States,Full time employee,"DBA (Production Focus - build & troubleshoot servers, HA/DR)",Yes,25,2 (I worked at another similar position elsewhere before this one),,100K-299K (city),Private business,"Stay with the same employer, same role",Male
2022,12/1/2021 20:40:55,90000.0,United States,Full time employee,DBA (General - splits time evenly between writing & tuning queries AND building & troubleshooting servers),No,12,1 (this is the only company where I've had this kind of position),4.0,1M+ (metropolis),Private business,"Stay with the same employer, same role",Male
2022,12/1/2021 20:39:47,118242.0,United States,Full time employee,"DBA (Production Focus - build & troubleshoot servers, HA/DR)",No,21,6 or more,1.0,300K-1M (large city),Private business,"Stay with the same employer, same role",Male
2022,12/1/2021 20:37:22,94000.0,United States,Full time employee,"DBA (Production Focus - build & troubleshoot servers, HA/DR)",No,3,1 (this is the only company where I've had this kind of position),,1M+ (metropolis),Private business,"Stay with the same role, but change employers",Male
2022,12/1/2021 20:35:18,121000.0,United States,Full time employee,Developer: T-SQL,No,6,4,2.0,300K-1M (large city),Private business,"Stay with the same employer,  but change roles",Male
2022,12/1/2021 20:33:45,77000.0,United States,Full time employee,Developer: T-SQL,No,4,2 (I worked at another similar position elsewhere before this one),3.0,1M+ (metropolis),Private business,"Stay with the same role, but change employers",Male
2022,12/1/2021 20:32:55,99300.0,United States,Full time employee,DBA (General - splits time evenly between writing & tuning queries AND building & troubleshooting servers),No,2,1 (this is the only company where I've had this kind of position),5.0,100K-299K (city),Private business,"Stay with the same employer, same role",Male
2022,12/1/2021 20:30:32,152000.0,United States,Full time employee,DBA (General - splits time evenly between writing & tuning queries AND building & troubleshooting servers),No,6,2 (I worked at another similar position elsewhere before this one),5.0,1M+ (metropolis),Private business,"Stay with the same employer, same role",Male
2022,12/1/2021 20:24:28,115000.0,United States,Full time employee,DBA (General - splits time evenly between writing & tuning queries AND building & troubleshooting servers),No,12,1 (this is the only company where I've had this kind of position),1.0,1M+ (metropolis),Private business,"Stay with the same employer, same role",Male
2022,12/1/2021 20:23:45,121000.0,United States,Full time employee,"DBA (Production Focus - build & troubleshoot servers, HA/DR)",No,7,1 (this is the only company where I've had this kind of position),1.0,1M+ (metropolis),Private business,"Stay with the same employer,  but change roles",Male
2022,12/1/2021 20:20:58,110000.0,United States,Full time employee,"Developer: Business Intelligence (SSRS, PowerBI, etc)",No,10,2 (I worked at another similar position elsewhere before this one),,1M+ (metropolis),Private business,Change both employers and roles,Male
2022,12/1/2021 20:17:25,120000.0,United States,Full time employee,Manager,No,2,2 (I worked at another similar position elsewhere before this one),2.0,300K-1M (large city),Private business,"Stay with the same employer, same role",Female
2022,12/1/2021 20:16:11,115000.0,United States,Full time employee,Architect,Yes,5,4,,300K-1M (large city),Private business,Prefer not to say,Female
2022,12/1/2021 20:13:37,130000.0,United States,Full time employee,Developer: T-SQL,Yes,20,4,5.0,300K-1M (large city),Private business,"Stay with the same employer, same role",Female
2022,12/1/2021 20:06:51,161000.0,United States,Full time employee,Manager,Yes,17,3,,300K-1M (large city),Private business,"Stay with the same employer,  but change roles",Male
2022,12/1/2021 20:06:47,250000.0,United States,Full time employee,Manager,Yes,14,1 (this is the only company where I've had this kind of position),,1M+ (metropolis),Private business,"Stay with the same employer,  but change roles",Male
2022,12/1/2021 20:05:12,105000.0,United States,Full time employee,"DBA (Development Focus - tunes queries, indexes, does deployments)",No,15,2 (I worked at another similar position elsewhere before this one),,1M+ (metropolis),Private business,Prefer not to say,Male
2022,12/1/2021 20:04:11,170000.0,United States,Full time employee of a consulting/contracting company,Architect,Yes,20,4,3.0,1M+ (metropolis),Private business,"Stay with the same employer, same role",Male
2022,12/1/2021 20:01:11,120000.0,United States,Full time employee,Developer: T-SQL,No,15,2 (I worked at another similar position elsewhere before this one),3.0,1M+ (metropolis),Private business,"Stay with the same employer, same role",Male
2022,12/1/2021 19:57:05,120000.0,United States,Full time employee of a consulting/contracting company,Architect,Yes,4,2 (I worked at another similar position elsewhere before this one),,1M+ (metropolis),Private business,"Stay with the same employer,  but change roles",Male
2022,12/1/2021 19:56:03,126000.0,United States,Full time employee,DBA (General - splits time evenly between writing & tuning queries AND building & troubleshooting servers),Yes,15,5,3.0,300K-1M (large city),Private business,"Stay with the same role, but change employers",Male
2022,12/1/2021 19:53:34,85500.0,United States,Full time employee,DBA (General - splits time evenly between writing & tuning queries AND building & troubleshooting servers),No,17,1 (this is the only company where I've had this kind of position),2.0,300K-1M (large city),Private business,Prefer not to say,Male
2022,12/1/2021 19:51:39,80000.0,United States,Full time employee,"Developer: App code (C#, JS, etc)",No,4,2 (I worked at another similar position elsewhere before this one),3.0,300K-1M (large city),Private business,"Stay with the same employer,  but change roles",Male
2022,12/1/2021 19:51:10,186000.0,United States,Full time employee,DBA (General - splits time evenly between writing & tuning queries AND building & troubleshooting servers),No,24,6 or more,,1M+ (metropolis),Private business,"Stay with the same employer, same role",Male
2022,12/1/2021 19:49:50,105000.0,United States,Full time employee,"DBA (Production Focus - build & troubleshoot servers, HA/DR)",No,3,3,,1M+ (metropolis),Private business,"Stay with the same role, but change employers",Male
2022,12/1/2021 19:46:32,120000.0,United States,Full time employee,DBA (General - splits time evenly between writing & tuning queries AND building & troubleshooting servers),No,5,1 (this is the only company where I've had this kind of position),5.0,300K-1M (large city),Private business,"Stay with the same role, but change employers",Male
2022,12/1/2021 19:43:47,99800.0,United States,Full time employee,DBA (General - splits time evenly between writing & tuning queries AND building & troubleshooting servers),No,7,3,,300K-1M (large city),Private business,"Stay with the same role, but change employers",Male
2022,12/1/2021 19:41:52,90000.0,United States,Full time employee,DBA (General - splits time evenly between writing & tuning queries AND building & troubleshooting servers),No,7,1 (this is the only company where I've had this kind of position),3.0,1M+ (metropolis),Private business,Prefer not to say,Male
2022,12/1/2021 19:40:38,150000.0,United States,Full time employee,Manager,Yes,5,1 (this is the only company where I've had this kind of position),,1M+ (metropolis),Private business,"Stay with the same employer, same role",Male
2022,12/1/2021 19:39:07,116350.0,United States,Full time employee,DBA (General - splits time evenly between writing & tuning queries AND building & troubleshooting servers),Yes,20,3,,100K-299K (city),Private business,"Stay with the same employer, same role",Male
2022,12/1/2021 19:39:00,148000.0,United States,Full time employee,DBA (General - splits time evenly between writing & tuning queries AND building & troubleshooting servers),No,12,3,,1M+ (metropolis),Private business,"Stay with the same employer, same role",Male
2022,12/1/2021 19:37:03,100000.0,United States,Full time employee,DBA (General - splits time evenly between writing & tuning queries AND building & troubleshooting servers),No,17,6 or more,3.0,100K-299K (city),Private business,"Stay with the same employer,  but change roles",Male
2022,12/1/2021 19:36:35,93000.0,United States,Full time employee,Developer: T-SQL,No,5,1 (this is the only company where I've had this kind of position),2.0,100K-299K (city),Private business,"Stay with the same employer, same role",Female
2022,12/1/2021 19:36:34,104000.0,United States,Full time employee,DBA (General - splits time evenly between writing & tuning queries AND building & troubleshooting servers),No,1,2 (I worked at another similar position elsewhere before this one),5.0,300K-1M (large city),Private business,"Stay with the same employer, same role",Male
2022,12/1/2021 19:35:07,117000.0,United States,Full time employee,Engineer,No,2,3,5.0,300K-1M (large city),Private business,"Stay with the same employer, same role",Male
2022,12/1/2021 19:34:50,156641.0,United States,Full time employee,DBA (General - splits time evenly between writing & tuning queries AND building & troubleshooting servers),No,35,3,,300K-1M (large city),Private business,"Stay with the same employer,  but change roles",Male
2022,12/1/2021 19:33:53,124000.0,United States,Full time employee,Analyst,No,2,1 (this is the only company where I've had this kind of position),1.0,1M+ (metropolis),Private business,Change both employers and roles,Male
2022,12/1/2021 19:32:49,100000.0,United States,Full time employee,"Developer: Business Intelligence (SSRS, PowerBI, etc)",No,6,4,2.0,1M+ (metropolis),Private business,"Stay with the same employer, same role",Male
2022,12/1/2021 19:31:38,109000.0,United States,Full time employee of a consulting/contracting company,DBA (General - splits time evenly between writing & tuning queries AND building & troubleshooting servers),No,9,2 (I worked at another similar position elsewhere before this one),5.0,100K-299K (city),Private business,Change both employers and roles,Male
2022,12/1/2021 19:30:08,103000.0,United States,Full time employee of a consulting/contracting company,DBA (General - splits time evenly between writing & tuning queries AND building & troubleshooting servers),No,7,2 (I worked at another similar position elsewhere before this one),3.0,1M+ (metropolis),Private business,"Stay with the same employer, same role",Male
2022,12/1/2021 19:28:00,220000.0,United States,Full time employee,Architect,No,6,2 (I worked at another similar position elsewhere before this one),,1M+ (metropolis),Private business,"Stay with the same role, but change employers",Male
2022,12/1/2021 19:27:29,160000.0,United States,Full time employee,"DBA (Development Focus - tunes queries, indexes, does deployments)",No,17,2 (I worked at another similar position elsewhere before this one),,300K-1M (large city),Private business,"Stay with the same employer,  but change roles",Male
2022,12/1/2021 19:25:33,175000.0,United States,Full time employee,Architect,No,16,1 (this is the only company where I've had this kind of position),,1M+ (metropolis),Private business,"Stay with the same employer, same role",Male
2022,12/1/2021 19:24:27,110500.0,United States,Full time employee,DBA (General - splits time evenly between writing & tuning queries AND building & troubleshooting servers),No,6,1 (this is the only company where I've had this kind of position),1.0,1M+ (metropolis),Private business,"Stay with the same employer, same role",Male
2022,12/1/2021 19:24:05,125000.0,United States,"Independent consultant, contractor, freelancer,  or company owner","DBA (Development Focus - tunes queries, indexes, does deployments)",No,15,3,1.0,300K-1M (large city),Private business,"Stay with the same employer, same role",Male
2022,12/1/2021 19:19:10,135000.0,United States,Full time employee,Architect,No,3,1 (this is the only company where I've had this kind of position),,300K-1M (large city),Private business,"Stay with the same role, but change employers",Male
2022,12/1/2021 19:18:48,107000.0,United States,Full time employee,DBA (General - splits time evenly between writing & tuning queries AND building & troubleshooting servers),No,21,1 (this is the only company where I've had this kind of position),,300K-1M (large city),Private business,"Stay with the same employer, same role",Male
2022,12/1/2021 19:16:12,127000.0,United States,Full time employee,Architect,No,6,1 (this is the only company where I've had this kind of position),,1M+ (metropolis),Private business,"Stay with the same role, but change employers",Male
2022,12/1/2021 19:15:43,129000.0,United States,Full time employee,"DBA (Development Focus - tunes queries, indexes, does deployments)",No,9,3,,300K-1M (large city),Private business,"Stay with the same employer, same role",Male
2022,12/1/2021 19:15:22,130000.0,United States,Full time employee,"DBA (Production Focus - build & troubleshoot servers, HA/DR)",Yes,25,6 or more,,1M+ (metropolis),Private business,"Stay with the same employer, same role",Male
2022,12/1/2021 19:14:34,130000.0,United States,Full time employee,Manager,Yes,10,2 (I worked at another similar position elsewhere before this one),,300K-1M (large city),Private business,"Stay with the same employer, same role",Male
2022,12/1/2021 19:12:54,95000.0,United States,Full time employee,Engineer,No,3,1 (this is the only company where I've had this kind of position),,1M+ (metropolis),Private business,"Stay with the same employer, same role",Male
2022,12/1/2021 19:12:51,118000.0,United States,Full time employee,"DBA (Development Focus - tunes queries, indexes, does deployments)",No,5,1 (this is the only company where I've had this kind of position),,1M+ (metropolis),Private business,"Stay with the same employer,  but change roles",Male
2022,12/1/2021 19:10:53,230000.0,United States,Full time employee,Architect,No,15,4,,1M+ (metropolis),Private business,"Stay with the same employer, same role",Male
2022,12/1/2021 19:10:36,150000.0,United States,Full time employee,Architect,No,7,3,2.0,300K-1M (large city),Private business,"Stay with the same employer,  but change roles",Male
2022,12/1/2021 19:10:04,50000.0,United States,Full time employee,DBA (General - splits time evenly between writing & tuning queries AND building & troubleshooting servers),No,3,1 (this is the only company where I've had this kind of position),,300K-1M (large city),Private business,Prefer not to say,Male
2022,12/1/2021 19:08:58,72500.0,United States,Full time employee,DBA (General - splits time evenly between writing & tuning queries AND building & troubleshooting servers),No,5,2 (I worked at another similar position elsewhere before this one),,100K-299K (city),Private business,"Stay with the same employer, same role",Male
2022,12/1/2021 19:08:55,95000.0,United States,Full time employee,"Developer: Business Intelligence (SSRS, PowerBI, etc)",Yes,14,1 (this is the only company where I've had this kind of position),,100K-299K (city),Private business,"Stay with the same employer, same role",Male
2022,12/1/2021 19:07:53,162000.0,United States,Full time employee,"DBA (Production Focus - build & troubleshoot servers, HA/DR)",No,10,6 or more,1.0,1M+ (metropolis),Private business,"Stay with the same employer, same role",Male
2022,12/1/2021 19:07:42,122500.0,United States,Full time employee,Manager,Yes,8,1 (this is the only company where I've had this kind of position),,1M+ (metropolis),Private business,"Stay with the same employer,  but change roles",Male
2022,12/1/2021 19:07:11,117500.0,United States,Full time employee,DBA (General - splits time evenly between writing & tuning queries AND building & troubleshooting servers),No,9,3,3.0,1M+ (metropolis),Private business,"Stay with the same employer, same role",Male
2022,12/1/2021 19:00:33,158000.0,United States,Full time employee,Architect,No,20,2 (I worked at another similar position elsewhere before this one),1.0,1M+ (metropolis),Private business,"Stay with the same employer, same role",Male
2022,12/1/2021 19:00:21,150000.0,United States,Full time employee,DBA (General - splits time evenly between writing & tuning queries AND building & troubleshooting servers),Yes,15,3,,300K-1M (large city),Private business,"Stay with the same employer, same role",Male
2022,12/1/2021 18:59:27,73000.0,United States,Full time employee,DBA (General - splits time evenly between writing & tuning queries AND building & troubleshooting servers),No,3,1 (this is the only company where I've had this kind of position),1.0,300K-1M (large city),Private business,"Stay with the same employer, same role",Female
2022,12/1/2021 18:58:50,140000.0,United States,Full time employee,Manager,Yes,20,3,,1M+ (metropolis),Private business,"Stay with the same employer, same role",Male
2022,12/1/2021 18:57:22,585000.0,United States,Full time employee,Architect,Yes,20,4,,1M+ (metropolis),Private business,"Stay with the same employer, same role",Male
2022,12/1/2021 18:56:47,105000.0,United States,Full time employee,DBA (General - splits time evenly between writing & tuning queries AND building & troubleshooting servers),No,38,5,,100K-299K (city),Private business,"Stay with the same employer, same role",Male
2022,12/1/2021 18:53:51,155000.0,United States,Full time employee,Manager,Yes,25,1 (this is the only company where I've had this kind of position),,300K-1M (large city),Private business,"Stay with the same role, but change employers",Female
2022,12/1/2021 18:52:09,95000.0,United States,Full time employee,Engineer,No,4,2 (I worked at another similar position elsewhere before this one),4.0,100K-299K (city),Private business,"Stay with the same role, but change employers",Male
2022,12/1/2021 18:50:44,206000.0,United States,Full time employee,Manager,Yes,10,2 (I worked at another similar position elsewhere before this one),2.0,1M+ (metropolis),Private business,"Stay with the same employer, same role",Male
2022,12/1/2021 18:49:55,200000.0,United States,Full time employee of a consulting/contracting company,Architect,No,36,6 or more,,100K-299K (city),Private business,Prefer not to say,Male
2022,12/1/2021 18:49:36,10400.0,United States,Full time employee,"DBA (Development Focus - tunes queries, indexes, does deployments)",No,5,1 (this is the only company where I've had this kind of position),3.0,20K-99K (large town),Private business,Prefer not to say,Male
2022,12/1/2021 18:49:01,78000.0,United States,Full time employee,Developer: T-SQL,No,2,1 (this is the only company where I've had this kind of position),2.0,300K-1M (large city),Private business,"Stay with the same employer, same role",Male
2022,12/1/2021 18:48:57,150000.0,United States,Full time employee,DBA (General - splits time evenly between writing & tuning queries AND building & troubleshooting servers),Yes,21,2 (I worked at another similar position elsewhere before this one),,1M+ (metropolis),Private business,"Stay with the same employer, same role",Female
2022,12/1/2021 18:48:53,135000.0,United States,Full time employee,"DBA (Production Focus - build & troubleshoot servers, HA/DR)",No,25,2 (I worked at another similar position elsewhere before this one),5.0,300K-1M (large city),Private business,"Stay with the same employer, same role",Male
2022,12/1/2021 18:48:26,116000.0,United States,Full time employee,"DBA (Production Focus - build & troubleshoot servers, HA/DR)",No,6,3,3.0,300K-1M (large city),Private business,Prefer not to say,Male
2022,12/1/2021 18:48:00,110000.0,United States,Full time employee,Manager,Yes,5,1 (this is the only company where I've had this kind of position),1.0,100K-299K (city),Private business,"Stay with the same employer, same role",Male
2022,12/1/2021 18:47:50,128000.0,United States,Full time employee,Developer: T-SQL,No,20,5,1.0,1M+ (metropolis),Private business,"Stay with the same employer,  but change roles",Female
2022,12/1/2021 18:46:24,134000.0,United States,Full time employee,Engineer,No,11,2 (I worked at another similar position elsewhere before this one),,1M+ (metropolis),Private business,"Stay with the same employer, same role",Male
2022,12/1/2021 18:45:32,116000.0,United States,Full time employee,"DBA (Development Focus - tunes queries, indexes, does deployments)",No,14,3,1.0,300K-1M (large city),Private business,"Stay with the same employer, same role",Male
2022,12/1/2021 18:44:12,170500.0,United States,Full time employee,"Developer: App code (C#, JS, etc)",No,25,5,1.0,1M+ (metropolis),Private business,"Stay with the same employer, same role",Male
2022,12/1/2021 18:43:21,152000.0,United States,Full time employee,Manager,Yes,19,1 (this is the only company where I've had this kind of position),1.0,1M+ (metropolis),Private business,"Stay with the same employer, same role",Male
2022,12/1/2021 18:43:11,71000.0,United States,Full time employee,DBA (General - splits time evenly between writing & tuning queries AND building & troubleshooting servers),No,3,1 (this is the only company where I've had this kind of position),1.0,100K-299K (city),Private business,"Stay with the same employer, same role",Male
2022,12/1/2021 18:43:01,163624.0,United States,Full time employee,"Developer: App code (C#, JS, etc)",No,22,2 (I worked at another similar position elsewhere before this one),,300K-1M (large city),Private business,"Stay with the same employer, same role",Male
2022,12/1/2021 18:42:57,150000.0,United States,Full time employee,DBA (General - splits time evenly between writing & tuning queries AND building & troubleshooting servers),No,12,6 or more,5.0,300K-1M (large city),Private business,"Stay with the same employer,  but change roles",Male
2022,12/1/2021 18:40:47,120000.0,United States,Full time employee,"DBA (Production Focus - build & troubleshoot servers, HA/DR)",No,20,6 or more,1.0,1M+ (metropolis),Private business,"Stay with the same employer,  but change roles",Male
2022,12/1/2021 18:40:45,81000.0,United States,Full time employee of a consulting/contracting company,Analyst,No,5,1 (this is the only company where I've had this kind of position),,1M+ (metropolis),Private business,Change both employers and roles,Female
2022,12/1/2021 18:40:35,110000.0,United States,Full time employee,Developer: T-SQL,No,4,2 (I worked at another similar position elsewhere before this one),4.0,1M+ (metropolis),Private business,"Stay with the same employer, same role",Female
2022,12/1/2021 18:40:19,160000.0,United States,Full time employee,Engineer,No,8,2 (I worked at another similar position elsewhere before this one),1.0,1M+ (metropolis),Private business,"Stay with the same employer, same role",Male
2022,12/1/2021 18:40:06,118000.0,United States,Full time employee,"DBA (Development Focus - tunes queries, indexes, does deployments)",No,25,3,,300K-1M (large city),Private business,"Stay with the same employer, same role",Male
2022,12/1/2021 18:39:57,168000.0,United States,"Independent consultant, contractor, freelancer,  or company owner",Developer: T-SQL,No,15,2 (I worked at another similar position elsewhere before this one),,1M+ (metropolis),Private business,"Stay with the same employer, same role",Male
2022,12/1/2021 18:39:10,135000.0,United States,Full time employee,"DBA (Development Focus - tunes queries, indexes, does deployments)",Yes,14,1 (this is the only company where I've had this kind of position),,1M+ (metropolis),Private business,"Stay with the same employer, same role",Female
2022,12/1/2021 18:37:38,102000.0,United States,Full time employee,"DBA (Development Focus - tunes queries, indexes, does deployments)",No,15,3,,"<= 20,000 (town)",Private business,"Stay with the same employer, same role",Female
2022,12/1/2021 18:37:01,78879.0,United States,Full time employee,Developer: T-SQL,No,6,2 (I worked at another similar position elsewhere before this one),1.0,300K-1M (large city),Private business,"Stay with the same employer,  but change roles",Male
2022,12/1/2021 18:36:39,93201.0,United States,Full time employee,DBA (General - splits time evenly between writing & tuning queries AND building & troubleshooting servers),No,1,1 (this is the only company where I've had this kind of position),3.0,100K-299K (city),Private business,"Stay with the same employer, same role",Female
2022,12/1/2021 18:36:04,76000.0,United States,Full time employee,Analyst,No,5,3,,20K-99K (large town),Private business,"Stay with the same employer,  but change roles",Male
2022,12/1/2021 18:36:01,193000.0,United States,Full time employee,Engineer,Yes,12,2 (I worked at another similar position elsewhere before this one),1.0,1M+ (metropolis),Private business,Prefer not to say,Male
2022,12/1/2021 18:35:48,175000.0,United States,Full time employee,Architect,Yes,3,1 (this is the only company where I've had this kind of position),,300K-1M (large city),Private business,"Stay with the same employer, same role",Male
2022,12/1/2021 18:35:33,155000.0,United States,Full time employee,"DBA (Production Focus - build & troubleshoot servers, HA/DR)",No,5,4,1.0,1M+ (metropolis),Private business,Prefer not to say,Male
2022,12/1/2021 18:35:32,136000.0,United States,Full time employee,DBA (General - splits time evenly between writing & tuning queries AND building & troubleshooting servers),No,21,1 (this is the only company where I've had this kind of position),,1M+ (metropolis),Private business,"Stay with the same role, but change employers",Male
2022,12/1/2021 18:35:24,160000.0,United States,Full time employee of a consulting/contracting company,"DBA (Production Focus - build & troubleshoot servers, HA/DR)",No,10,5,3.0,300K-1M (large city),Private business,Prefer not to say,Male
2022,12/1/2021 18:35:05,99000.0,United States,Full time employee,Developer: T-SQL,No,2,1 (this is the only company where I've had this kind of position),1.0,300K-1M (large city),Private business,"Stay with the same employer, same role",Male
2022,12/1/2021 18:34:22,115829.0,United States,Full time employee,Manager,Yes,1,1 (this is the only company where I've had this kind of position),,100K-299K (city),Private business,"Stay with the same employer, same role",Female
2022,12/1/2021 18:34:07,182000.0,United States,Full time employee,Manager,Yes,20,3,,300K-1M (large city),Private business,"Stay with the same employer, same role",Male
2022,12/1/2021 18:33:40,200000.0,United States,Full time employee,Manager,Yes,20,2 (I worked at another similar position elsewhere before this one),,1M+ (metropolis),Private business,"Stay with the same role, but change employers",Male
2022,12/1/2021 18:33:18,80000.0,United States,Full time employee,"Developer: App code (C#, JS, etc)",No,10,2 (I worked at another similar position elsewhere before this one),,20K-99K (large town),Private business,Prefer not to say,Male
2022,12/1/2021 18:32:19,133000.0,United States,Full time employee,"DBA (Production Focus - build & troubleshoot servers, HA/DR)",No,3,3,,300K-1M (large city),Private business,"Stay with the same employer, same role",Male
2022,12/1/2021 18:32:08,150000.0,United States,Full time employee,"DBA (Production Focus - build & troubleshoot servers, HA/DR)",No,16,5,1.0,1M+ (metropolis),Private business,"Stay with the same employer, same role",Male
2022,12/1/2021 18:31:47,90000.0,United States,Full time employee,Engineer,No,5,1 (this is the only company where I've had this kind of position),4.0,100K-299K (city),Private business,"Stay with the same employer, same role",Male
2022,12/1/2021 18:31:42,184000.0,United States,Full time employee,Developer: T-SQL,No,6,1 (this is the only company where I've had this kind of position),3.0,300K-1M (large city),Private business,"Stay with the same employer, same role",Male
2022,12/1/2021 18:31:34,120000.0,United States,Full time employee,"Developer: App code (C#, JS, etc)",No,25,1 (this is the only company where I've had this kind of position),2.0,1M+ (metropolis),Private business,"Stay with the same employer, same role",Male
2022,12/1/2021 18:31:33,132250.0,United States,Full time employee,Architect,No,14,3,,100K-299K (city),Private business,"Stay with the same employer, same role",Male
2022,12/1/2021 18:30:43,130000.0,United States,Full time employee,"Developer: App code (C#, JS, etc)",No,8,2 (I worked at another similar position elsewhere before this one),,1M+ (metropolis),Private business,"Stay with the same employer, same role",Male
2022,12/1/2021 18:30:36,115000.0,United States,Full time employee,Engineer,No,1,2 (I worked at another similar position elsewhere before this one),,100K-299K (city),Private business,"Stay with the same employer, same role",Male
2022,12/1/2021 18:29:42,94000.0,United States,Full time employee,Architect,Yes,5,1 (this is the only company where I've had this kind of position),,300K-1M (large city),Private business,"Stay with the same role, but change employers",Female
2022,12/1/2021 18:29:34,139000.0,United States,Full time employee,"Developer: App code (C#, JS, etc)",No,7,2 (I worked at another similar position elsewhere before this one),,300K-1M (large city),Private business,"Stay with the same employer, same role",Male
2022,12/1/2021 18:28:41,130000.0,United States,Full time employee,DBA (General - splits time evenly between writing & tuning queries AND building & troubleshooting servers),No,9,2 (I worked at another similar position elsewhere before this one),5.0,300K-1M (large city),Private business,"Stay with the same employer, same role",Male
2022,12/1/2021 18:28:03,87500.0,United States,Full time employee,"Developer: Business Intelligence (SSRS, PowerBI, etc)",No,3,2 (I worked at another similar position elsewhere before this one),,300K-1M (large city),Private business,"Stay with the same employer, same role",Male
2022,12/1/2021 18:28:00,150000.0,United States,Full time employee,DBA (General - splits time evenly between writing & tuning queries AND building & troubleshooting servers),No,18,4,,300K-1M (large city),Private business,"Stay with the same employer, same role",Male
2022,12/1/2021 18:27:25,80000.0,United States,Full time employee,"DBA (Production Focus - build & troubleshoot servers, HA/DR)",No,8,4,,1M+ (metropolis),Private business,"Stay with the same employer, same role",Male
2022,12/1/2021 18:27:20,212000.0,United States,Full time employee,Manager,Yes,14,3,5.0,1M+ (metropolis),Private business,"Stay with the same employer, same role",Male
2022,12/1/2021 18:27:13,81000.0,United States,Full time employee,"DBA (Development Focus - tunes queries, indexes, does deployments)",No,2,1 (this is the only company where I've had this kind of position),1.0,100K-299K (city),Private business,"Stay with the same role, but change employers",Male
2022,12/1/2021 18:26:22,127000.0,United States,Full time employee,DBA (General - splits time evenly between writing & tuning queries AND building & troubleshooting servers),Yes,5,2 (I worked at another similar position elsewhere before this one),,100K-299K (city),Private business,Prefer not to say,Male
2022,12/1/2021 18:26:14,130000.0,United States,Full time employee,"DBA (Production Focus - build & troubleshoot servers, HA/DR)",No,3,4,5.0,1M+ (metropolis),Private business,"Stay with the same employer, same role",Male
2022,12/1/2021 18:24:01,127000.0,United States,Full time employee,DBA (General - splits time evenly between writing & tuning queries AND building & troubleshooting servers),No,16,3,2.0,300K-1M (large city),Private business,"Stay with the same employer, same role",Male
2022,12/1/2021 18:23:10,125000.0,United States,Full time employee,"DBA (Development Focus - tunes queries, indexes, does deployments)",No,10,3,,1M+ (metropolis),Private business,"Stay with the same employer, same role",Male
2022,12/1/2021 18:23:00,130000.0,United States,Full time employee,"DBA (Development Focus - tunes queries, indexes, does deployments)",Yes,16,3,3.0,300K-1M (large city),Private business,Change both employers and roles,Male
2022,12/1/2021 18:22:46,135000.0,United States,Full time employee,Manager,Yes,19,1 (this is the only company where I've had this kind of position),4.0,100K-299K (city),Private business,"Stay with the same employer, same role",Male
2022,12/1/2021 18:22:36,130000.0,United States,Full time employee,"DBA (Development Focus - tunes queries, indexes, does deployments)",No,21,1 (this is the only company where I've had this kind of position),,1M+ (metropolis),Private business,"Stay with the same employer, same role",Male
2022,12/1/2021 18:22:31,70000.0,United States,Full time employee,DBA (General - splits time evenly between writing & tuning queries AND building & troubleshooting servers),Yes,14,2 (I worked at another similar position elsewhere before this one),,1M+ (metropolis),Private business,Prefer not to say,Male
2022,12/1/2021 18:21:59,96000.0,United States,Full time employee,"Developer: App code (C#, JS, etc)",No,18,2 (I worked at another similar position elsewhere before this one),2.0,300K-1M (large city),Private business,"Stay with the same employer, same role",Female
2022,12/1/2021 18:21:52,100000.0,United States,Full time employee,"DBA (Development Focus - tunes queries, indexes, does deployments)",No,5,3,,300K-1M (large city),Private business,"Stay with the same employer, same role",Male
2022,12/1/2021 18:21:50,125690.0,United States,Full time employee,DBA (General - splits time evenly between writing & tuning queries AND building & troubleshooting servers),Yes,38,4,,300K-1M (large city),Private business,"Stay with the same role, but change employers",Male
2022,12/1/2021 18:21:49,118000.0,United States,Full time employee,"DBA (Production Focus - build & troubleshoot servers, HA/DR)",No,22,3,1.0,300K-1M (large city),Private business,"Stay with the same employer,  but change roles",Female
2022,12/1/2021 18:21:38,162000.0,United States,Full time employee,DBA (General - splits time evenly between writing & tuning queries AND building & troubleshooting servers),No,8,3,2.0,1M+ (metropolis),Private business,"Stay with the same employer, same role",Male
2022,12/1/2021 18:21:28,139000.0,United States,Full time employee of a consulting/contracting company,Engineer,No,12,4,,1M+ (metropolis),Private business,"Stay with the same employer,  but change roles",Male
2022,12/1/2021 18:21:15,110000.0,United States,Full time employee,"DBA (Production Focus - build & troubleshoot servers, HA/DR)",No,15,2 (I worked at another similar position elsewhere before this one),1.0,300K-1M (large city),Private business,"Stay with the same employer, same role",Male
2022,12/1/2021 18:21:05,153316.0,United States,Full time employee,"DBA (Production Focus - build & troubleshoot servers, HA/DR)",No,8,6 or more,,300K-1M (large city),Private business,"Stay with the same role, but change employers",Male
2022,12/1/2021 18:20:36,110000.0,United States,Full time employee,"DBA (Production Focus - build & troubleshoot servers, HA/DR)",Yes,13,2 (I worked at another similar position elsewhere before this one),,300K-1M (large city),Private business,Prefer not to say,Female
2022,12/1/2021 18:20:25,105000.0,United States,Full time employee,"Developer: Business Intelligence (SSRS, PowerBI, etc)",Yes,15,3,,300K-1M (large city),Private business,Prefer not to say,Male
2022,12/1/2021 18:20:13,114000.0,United States,Full time employee of a consulting/contracting company,"DBA (Production Focus - build & troubleshoot servers, HA/DR)",Yes,10,5,,300K-1M (large city),Private business,Change both employers and roles,Male
2022,12/1/2021 18:19:41,141000.0,United States,Full time employee,DBA (General - splits time evenly between writing & tuning queries AND building & troubleshooting servers),Yes,21,3,1.0,1M+ (metropolis),Private business,"Stay with the same employer, same role",Male
2022,12/1/2021 18:19:31,147000.0,United States,Full time employee,DBA (General - splits time evenly between writing & tuning queries AND building & troubleshooting servers),No,18,6 or more,4.0,1M+ (metropolis),Private business,"Stay with the same employer, same role",Male
2022,12/1/2021 18:19:23,75000.0,United States,Full time employee,Developer: T-SQL,No,18,2 (I worked at another similar position elsewhere before this one),,100K-299K (city),Private business,"Stay with the same employer, same role",Female
2022,12/1/2021 18:19:04,79000.0,United States,Full time employee,Analyst,No,6,1 (this is the only company where I've had this kind of position),4.0,1M+ (metropolis),Private business,"Stay with the same employer, same role",Male
2022,12/1/2021 18:19:03,139000.0,United States,Full time employee,Architect,No,34,6 or more,1.0,1M+ (metropolis),Private business,"Stay with the same employer, same role",Male
2022,12/1/2021 18:18:55,140000.0,United States,Full time employee,Developer: T-SQL,No,20,4,4.0,1M+ (metropolis),Private business,"Stay with the same employer, same role",Male
2022,12/1/2021 18:18:34,135000.0,United States,Full time employee,"DBA (Development Focus - tunes queries, indexes, does deployments)",No,6,4,,1M+ (metropolis),Private business,Change both employers and roles,Male
2022,12/1/2021 18:18:30,132000.0,United States,Full time employee,Manager,Yes,5,2 (I worked at another similar position elsewhere before this one),,1M+ (metropolis),Private business,"Stay with the same employer, same role",Male
2022,12/1/2021 18:17:30,115000.0,United States,Full time employee,DBA (General - splits time evenly between writing & tuning queries AND building & troubleshooting servers),No,7,3,,100K-299K (city),Private business,"Stay with the same role, but change employers",Male
2022,12/1/2021 18:17:13,225000.0,United States,"Independent consultant, contractor, freelancer,  or company owner","Developer: App code (C#, JS, etc)",No,34,3,,100K-299K (city),Private business,"Stay with the same employer, same role",Male
2022,12/1/2021 18:16:59,116000.0,United States,Full time employee,"Developer: Business Intelligence (SSRS, PowerBI, etc)",Yes,20,1 (this is the only company where I've had this kind of position),2.0,1M+ (metropolis),Private business,"Stay with the same employer, same role",Male
2022,12/1/2021 18:16:55,81000.0,United States,Full time employee,"DBA (Development Focus - tunes queries, indexes, does deployments)",No,4,1 (this is the only company where I've had this kind of position),1.0,20K-99K (large town),Private business,Change both employers and roles,Male
2022,12/1/2021 18:16:46,109000.0,United States,Full time employee,Architect,No,14,1 (this is the only company where I've had this kind of position),,300K-1M (large city),Private business,"Stay with the same employer, same role",Male
2022,12/1/2021 18:16:24,97000.0,United States,Full time employee,DBA (General - splits time evenly between writing & tuning queries AND building & troubleshooting servers),No,10,3,5.0,100K-299K (city),Private business,"Stay with the same employer, same role",Male
2022,12/1/2021 18:16:18,156000.0,United States,"Independent consultant, contractor, freelancer,  or company owner",DBA (General - splits time evenly between writing & tuning queries AND building & troubleshooting servers),No,1,1 (this is the only company where I've had this kind of position),1.0,1M+ (metropolis),Private business,"Stay with the same employer, same role",Male
2022,12/1/2021 18:15:58,185000.0,United States,Full time employee,Manager,No,8,2 (I worked at another similar position elsewhere before this one),,1M+ (metropolis),Private business,"Stay with the same employer, same role",Male
2022,12/1/2021 18:15:14,110000.0,United States,Full time employee,Manager,Yes,4,1 (this is the only company where I've had this kind of position),,300K-1M (large city),Private business,"Stay with the same employer, same role",Male
2022,12/1/2021 18:14:48,110000.0,United States,Full time employee,DBA (General - splits time evenly between writing & tuning queries AND building & troubleshooting servers),No,15,2 (I worked at another similar position elsewhere before this one),1.0,1M+ (metropolis),Private business,"Stay with the same employer, same role",Male
2022,12/1/2021 17:34:39,64000.0,United States,Full time employee of a consulting/contracting company,DBA (General - splits time evenly between writing & tuning queries AND building & troubleshooting servers),No,2,1 (this is the only company where I've had this kind of position),,300K-1M (large city),Private business,"Stay with the same employer,  but change roles",Male
2022,12/1/2021 17:29:59,116000.0,United States,Full time employee,DBA (General - splits time evenly between writing & tuning queries AND building & troubleshooting servers),No,4,1 (this is the only company where I've had this kind of position),1.0,1M+ (metropolis),Private business,"Stay with the same employer, same role",Male
2022,12/1/2021 17:26:33,110000.0,United States,Full time employee,DBA (General - splits time evenly between writing & tuning queries AND building & troubleshooting servers),No,5,3,,300K-1M (large city),Private business,Change both employers and roles,Male
2022,12/1/2021 17:26:32,78457.0,United States,Full time employee,Analyst,No,1,2 (I worked at another similar position elsewhere before this one),,20K-99K (large town),Private business,"Stay with the same employer, same role",Male
2022,12/1/2021 17:12:25,120000.0,United States,Full time employee,Architect,No,5,1 (this is the only company where I've had this kind of position),,100K-299K (city),Private business,"Stay with the same employer, same role",Male
2022,12/1/2021 17:08:00,95500.0,United States,Full time employee,"Developer: App code (C#, JS, etc)",Yes,5,1 (this is the only company where I've had this kind of position),,1M+ (metropolis),Private business,"Stay with the same employer,  but change roles",Male
2022,12/1/2021 16:59:01,95000.0,United States,Full time employee of a consulting/contracting company,"DBA (Development Focus - tunes queries, indexes, does deployments)",No,2,1 (this is the only company where I've had this kind of position),1.0,300K-1M (large city),Private business,"Stay with the same employer, same role",Male
2022,12/1/2021 16:55:51,98000.0,United States,Full time employee,Developer: T-SQL,No,8,3,2.0,1M+ (metropolis),Private business,"Stay with the same role, but change employers",Male
2022,12/1/2021 16:46:33,122000.0,United States,Full time employee,Engineer,No,4,2 (I worked at another similar position elsewhere before this one),3.0,1M+ (metropolis),Private business,"Stay with the same role, but change employers",Male
2022,12/1/2021 16:19:37,233000.0,United States,Full time employee,Developer: T-SQL,No,22,1 (this is the only company where I've had this kind of position),3.0,1M+ (metropolis),Private business,Prefer not to say,Male
2022,12/1/2021 16:17:05,138400.0,United States,Full time employee,"DBA (Development Focus - tunes queries, indexes, does deployments)",No,4,4,2.0,300K-1M (large city),Private business,"Stay with the same employer, same role",Male
2022,12/1/2021 16:02:22,92000.0,United States,Full time employee,DBA (General - splits time evenly between writing & tuning queries AND building & troubleshooting servers),No,11,3,,100K-299K (city),Private business,"Stay with the same employer,  but change roles",Male
2022,12/1/2021 16:00:24,88000.0,United States,Full time employee,DBA (General - splits time evenly between writing & tuning queries AND building & troubleshooting servers),No,20,2 (I worked at another similar position elsewhere before this one),,20K-99K (large town),Private business,"Stay with the same employer, same role",Male
2022,12/1/2021 15:59:19,85000.0,United States,Full time employee,DBA (General - splits time evenly between writing & tuning queries AND building & troubleshooting servers),No,8,1 (this is the only company where I've had this kind of position),1.0,1M+ (metropolis),Private business,"Stay with the same role, but change employers",Male
2022,12/1/2021 15:58:14,144000.0,United States,Full time employee,Developer: T-SQL,No,2,6 or more,1.0,1M+ (metropolis),Private business,"Stay with the same employer, same role",Male
2022,12/1/2021 15:49:35,92000.0,United States,Full time employee,Architect,No,13,1 (this is the only company where I've had this kind of position),,20K-99K (large town),Private business,"Stay with the same employer, same role",Male
2022,12/1/2021 15:42:05,149000.0,United States,Full time employee,"DBA (Development Focus - tunes queries, indexes, does deployments)",Yes,7,4,1.0,100K-299K (city),Private business,"Stay with the same employer, same role",Male
2022,12/1/2021 15:38:08,22000.0,United States,Full time employee,DBA (General - splits time evenly between writing & tuning queries AND building & troubleshooting servers),No,5,1 (this is the only company where I've had this kind of position),2.0,300K-1M (large city),Private business,"Stay with the same role, but change employers",Male
2022,12/1/2021 15:30:46,109000.0,United States,Full time employee,"DBA (Development Focus - tunes queries, indexes, does deployments)",No,23,4,,300K-1M (large city),Private business,"Stay with the same employer, same role",Male
2022,12/1/2021 15:24:42,94000.0,United States,Full time employee,DBA (General - splits time evenly between writing & tuning queries AND building & troubleshooting servers),No,11,2 (I worked at another similar position elsewhere before this one),,300K-1M (large city),Private business,"Stay with the same employer, same role",Male
2022,12/1/2021 15:04:11,137500.0,United States,Full time employee,Engineer,No,3,2 (I worked at another similar position elsewhere before this one),2.0,1M+ (metropolis),Private business,"Stay with the same employer, same role",Male
2022,12/1/2021 15:03:37,119000.0,United States,Full time employee,"DBA (Production Focus - build & troubleshoot servers, HA/DR)",Yes,26,2 (I worked at another similar position elsewhere before this one),,1M+ (metropolis),Private business,"Stay with the same employer, same role",Male
2022,12/1/2021 15:01:26,220000.0,United States,Full time employee of a consulting/contracting company,Architect,No,15,6 or more,,1M+ (metropolis),Private business,"Stay with the same employer, same role",Male
2022,12/1/2021 14:55:36,110000.0,United States,Full time employee,DBA (General - splits time evenly between writing & tuning queries AND building & troubleshooting servers),No,4,1 (this is the only company where I've had this kind of position),1.0,1M+ (metropolis),Private business,"Stay with the same employer, same role",Male
2022,12/1/2021 14:55:00,95000.0,United States,Full time employee,DBA (General - splits time evenly between writing & tuning queries AND building & troubleshooting servers),No,3,2 (I worked at another similar position elsewhere before this one),2.0,100K-299K (city),Private business,"Stay with the same employer, same role",Male
2022,12/1/2021 14:52:09,135000.0,United States,Full time employee,Architect,No,3,2 (I worked at another similar position elsewhere before this one),,300K-1M (large city),Private business,"Stay with the same employer, same role",Male
